Hit:1 http://archive.ubuntu.com/ubuntu resolute InRelease
Get:2 http://archive.ubuntu.com/ubuntu resolute-updates InRelease [137 kB]
Get:3 http://archive.ubuntu.com/ubuntu resolute-security InRelease [137 kB]
Get:4 http://archive.ubuntu.com/ubuntu resolute-updates/main Sources [337 kB]
Get:5 http://archive.ubuntu.com/ubuntu resolute-updates/universe Sources [109 kB]
Get:6 http://archive.ubuntu.com/ubuntu resolute-updates/restricted Sources [24.8 kB]
Get:7 http://archive.ubuntu.com/ubuntu resolute-updates/multiverse amd64 Packages [11.9 kB]
Get:8 http://archive.ubuntu.com/ubuntu resolute-updates/universe amd64 Packages [320 kB]
Get:9 http://archive.ubuntu.com/ubuntu resolute-updates/restricted amd64 Packages [490 kB]
Get:10 http://archive.ubuntu.com/ubuntu resolute-updates/main amd64 Packages [729 kB]
Get:11 http://archive.ubuntu.com/ubuntu resolute-security/main Sources [188 kB]
Get:12 http://archive.ubuntu.com/ubuntu resolute-security/restricted Sources [23.6 kB]
Get:13 http://archive.ubuntu.com/ubuntu resolute-security/universe Sources [54.0 kB]
Get:14 http://archive.ubuntu.com/ubuntu resolute-security/restricted amd64 Packages [474 kB]
Get:15 http://archive.ubuntu.com/ubuntu resolute-security/main amd64 Packages [597 kB]
Get:16 http://archive.ubuntu.com/ubuntu resolute-security/universe amd64 Packages [199 kB]
Fetched 3833 kB in 17s (219 kB/s)
Reading package lists...
Reading package lists...
Building dependency tree...
Reading state information...
Solving dependencies...
The following additional packages will be installed:
  fontconfig fontconfig-config fonts-dejavu-core fonts-dejavu-mono
  libasound2-data libasound2t64 libb2-1 libcurl3t64-gnutls
  libdouble-conversion3 libdrm-amdgpu1 libdrm-intel1 libduktape207
  libegl-mesa0 libegl1 libepoxy0 libevdev2 libfftw3-single3 libflac14
  libfontconfig1 libgbm1 libgl1-mesa-dri libglvnd0 libglx-mesa0 libglx0
  libgomp1 libgraphite2-3 libgudev-1.0-0 libharfbuzz0b libice6 libicu78
  libinput-bin libinput10 libjpeg-turbo8 libjpeg8 libkf6i18n-data libkf6i18n6
  libkpipewire-data libllvm21 libmd4c0 libmp3lame0 libmpg123-0t64 libmtdev1t64
  libogg0 libopengl0 libopus0 libpciaccess0 libpcre2-16-0 libpipewire-0.3-0t64
  libproxy1v5 libqt6core6t64 libqt6dbus6 libqt6gui6 libqt6network6
  libqt6opengl6 libqt6qml6 libqt6qmlmeta6 libqt6qmlmodels6
  libqt6qmlworkerscript6 libqt6quick6 libsensors-config libsensors5 libsm6
  libsndfile1 libspa-0.2-modules libts0t64 libva-drm2 libva2 libvorbis0a
  libvorbisenc2 libvulkan1 libwacom-common libwacom9 libwayland-client0
  libwebrtc-audio-processing-1-3 libx11-6 libx11-data libx11-xcb1 libxau6
  libxcb-cursor0 libxcb-dri3-0 libxcb-glx0 libxcb-icccm4 libxcb-image0
  libxcb-keysyms1 libxcb-present0 libxcb-randr0 libxcb-render-util0
  libxcb-render0 libxcb-shape0 libxcb-shm0 libxcb-sync1 libxcb-util1
  libxcb-xfixes0 libxcb-xinput0 libxcb-xkb1 libxcb1 libxdmcp6 libxext6
  libxkbcommon-x11-0 libxkbcommon0 libxml2-16 libxshmfence1 libxxf86vm1
  mesa-libgallium shared-mime-info x11-common
Suggested packages:
  alsa-utils libasound2-plugins libfftw3-bin libfftw3-dev opus-tools pipewire
  qt6-qmltooling-plugins lm-sensors libwacom-bin
Recommended packages:
  alsa-ucm-conf alsa-topology-conf libpipewire-0.3-common
  qt6-translations-l10n qt6-gtk-platformtheme qt6-qpa-plugins qt6-svg-plugins
  qt6-wayland libgl1 mesa-vulkan-drivers | vulkan-icd
The following NEW packages will be installed:
  fontconfig fontconfig-config fonts-dejavu-core fonts-dejavu-mono
  libasound2-data libasound2t64 libb2-1 libcurl3t64-gnutls
  libdouble-conversion3 libdrm-amdgpu1 libdrm-intel1 libduktape207
  libegl-mesa0 libegl1 libepoxy0 libevdev2 libfftw3-single3 libflac14
  libfontconfig1 libgbm1 libgl1-mesa-dri libglvnd0 libglx-mesa0 libglx0
  libgomp1 libgraphite2-3 libgudev-1.0-0 libharfbuzz0b libice6 libicu78
  libinput-bin libinput10 libjpeg-turbo8 libjpeg8 libkf6i18n-data libkf6i18n6
  libkpipewire-data libkpipewire6 libllvm21 libmd4c0 libmp3lame0
  libmpg123-0t64 libmtdev1t64 libogg0 libopengl0 libopus0 libpciaccess0
  libpcre2-16-0 libpipewire-0.3-0t64 libproxy1v5 libqt6core6t64 libqt6dbus6
  libqt6gui6 libqt6network6 libqt6opengl6 libqt6qml6 libqt6qmlmeta6
  libqt6qmlmodels6 libqt6qmlworkerscript6 libqt6quick6 libsensors-config
  libsensors5 libsm6 libsndfile1 libspa-0.2-modules libts0t64 libva-drm2
  libva2 libvorbis0a libvorbisenc2 libvulkan1 libwacom-common libwacom9
  libwayland-client0 libwebrtc-audio-processing-1-3 libx11-6 libx11-data
  libx11-xcb1 libxau6 libxcb-cursor0 libxcb-dri3-0 libxcb-glx0 libxcb-icccm4
  libxcb-image0 libxcb-keysyms1 libxcb-present0 libxcb-randr0
  libxcb-render-util0 libxcb-render0 libxcb-shape0 libxcb-shm0 libxcb-sync1
  libxcb-util1 libxcb-xfixes0 libxcb-xinput0 libxcb-xkb1 libxcb1 libxdmcp6
  libxext6 libxkbcommon-x11-0 libxkbcommon0 libxml2-16 libxshmfence1
  libxxf86vm1 mesa-libgallium shared-mime-info x11-common
0 upgraded, 107 newly installed, 0 to remove and 11 not upgraded.
Need to get 82.3 MB of archives.
After this operation, 328 MB of additional disk space will be used.
Get:1 http://archive.ubuntu.com/ubuntu resolute-updates/main amd64 libxml2-16 amd64 2.15.2+dfsg-0.1ubuntu0.2 [606 kB]
Get:2 http://archive.ubuntu.com/ubuntu resolute/main amd64 shared-mime-info amd64 2.4-5build3 [476 kB]
Get:3 http://archive.ubuntu.com/ubuntu resolute/main amd64 libevdev2 amd64 1.13.6+dfsg-1 [37.7 kB]
Get:4 http://archive.ubuntu.com/ubuntu resolute/main amd64 libsensors-config all 1:3.6.2-2build1 [6862 B]
Get:5 http://archive.ubuntu.com/ubuntu resolute/main amd64 libsensors5 amd64 1:3.6.2-2build1 [28.9 kB]
Get:6 http://archive.ubuntu.com/ubuntu resolute/main amd64 libxau6 amd64 1:1.0.11-1build2 [7502 B]
Get:7 http://archive.ubuntu.com/ubuntu resolute/main amd64 libxdmcp6 amd64 1:1.1.5-2 [10.8 kB]
Get:8 http://archive.ubuntu.com/ubuntu resolute/main amd64 libxcb1 amd64 1.17.0-2ubuntu1 [49.0 kB]
Get:9 http://archive.ubuntu.com/ubuntu resolute/main amd64 libx11-data all 2:1.8.13-1 [114 kB]
Get:10 http://archive.ubuntu.com/ubuntu resolute/main amd64 libx11-6 amd64 2:1.8.13-1 [657 kB]
Get:11 http://archive.ubuntu.com/ubuntu resolute/main amd64 libxext6 amd64 2:1.3.4-1build3 [30.8 kB]
Get:12 http://archive.ubuntu.com/ubuntu resolute/main amd64 libxkbcommon0 amd64 1.13.1-1 [159 kB]
Get:13 http://archive.ubuntu.com/ubuntu resolute/main amd64 fonts-dejavu-mono all 2.37-8build1 [502 kB]
Get:14 http://archive.ubuntu.com/ubuntu resolute/main amd64 fonts-dejavu-core all 2.37-8build1 [834 kB]
Get:15 http://archive.ubuntu.com/ubuntu resolute/main amd64 fontconfig-config amd64 2.17.1-3ubuntu1 [38.5 kB]
Get:16 http://archive.ubuntu.com/ubuntu resolute/main amd64 libfontconfig1 amd64 2.17.1-3ubuntu1 [144 kB]
Get:17 http://archive.ubuntu.com/ubuntu resolute/main amd64 fontconfig amd64 2.17.1-3ubuntu1 [180 kB]
Get:18 http://archive.ubuntu.com/ubuntu resolute-updates/main amd64 libasound2-data all 1.2.15.3-1ubuntu1.1 [19.6 kB]
Get:19 http://archive.ubuntu.com/ubuntu resolute-updates/main amd64 libasound2t64 amd64 1.2.15.3-1ubuntu1.1 [416 kB]
Get:20 http://archive.ubuntu.com/ubuntu resolute/main amd64 libgomp1 amd64 16-20260322-1ubuntu1 [162 kB]
Get:21 http://archive.ubuntu.com/ubuntu resolute/universe amd64 libb2-1 amd64 0.98.1-1.1build2 [44.9 kB]
Get:22 http://archive.ubuntu.com/ubuntu resolute-updates/main amd64 libcurl3t64-gnutls amd64 8.18.0-1ubuntu2.7 [419 kB]
Get:23 http://archive.ubuntu.com/ubuntu resolute/universe amd64 libdouble-conversion3 amd64 3.4.0-1 [41.4 kB]
Get:24 http://archive.ubuntu.com/ubuntu resolute/main amd64 libdrm-amdgpu1 amd64 2.4.131-1 [23.2 kB]
Get:25 http://archive.ubuntu.com/ubuntu resolute-updates/main amd64 libpciaccess0 amd64 0.18.1-1ubuntu4.1 [19.0 kB]
Get:26 http://archive.ubuntu.com/ubuntu resolute/main amd64 libdrm-intel1 amd64 2.4.131-1 [66.7 kB]
Get:27 http://archive.ubuntu.com/ubuntu resolute/main amd64 libduktape207 amd64 2.7.0+tests-0ubuntu4 [144 kB]
Get:28 http://archive.ubuntu.com/ubuntu resolute/main amd64 libllvm21 amd64 1:21.1.8-6ubuntu1 [30.7 MB]
Get:29 http://archive.ubuntu.com/ubuntu resolute/main amd64 libx11-xcb1 amd64 2:1.8.13-1 [7960 B]
Get:30 http://archive.ubuntu.com/ubuntu resolute/main amd64 libxcb-dri3-0 amd64 1.17.0-2ubuntu1 [7540 B]
Get:31 http://archive.ubuntu.com/ubuntu resolute/main amd64 libxcb-present0 amd64 1.17.0-2ubuntu1 [6112 B]
Get:32 http://archive.ubuntu.com/ubuntu resolute/main amd64 libxcb-randr0 amd64 1.17.0-2ubuntu1 [17.9 kB]
Get:33 http://archive.ubuntu.com/ubuntu resolute/main amd64 libxcb-sync1 amd64 1.17.0-2ubuntu1 [9348 B]
Get:34 http://archive.ubuntu.com/ubuntu resolute/main amd64 libxcb-xfixes0 amd64 1.17.0-2ubuntu1 [10.2 kB]
Get:35 http://archive.ubuntu.com/ubuntu resolute/main amd64 libxshmfence1 amd64 1.3.3-1build1 [5284 B]
Get:36 http://archive.ubuntu.com/ubuntu resolute-updates/main amd64 mesa-libgallium amd64 26.0.8-1ubuntu0.3 [11.2 MB]
Get:37 http://archive.ubuntu.com/ubuntu resolute-updates/main amd64 libgbm1 amd64 26.0.8-1ubuntu0.3 [49.2 kB]
Get:38 http://archive.ubuntu.com/ubuntu resolute/main amd64 libwayland-client0 amd64 1.24.0-2 [28.5 kB]
Get:39 http://archive.ubuntu.com/ubuntu resolute/main amd64 libxcb-shm0 amd64 1.17.0-2ubuntu1 [5808 B]
Get:40 http://archive.ubuntu.com/ubuntu resolute-updates/main amd64 libegl-mesa0 amd64 26.0.8-1ubuntu0.3 [134 kB]
Get:41 http://archive.ubuntu.com/ubuntu resolute/main amd64 libepoxy0 amd64 1.5.10-2build1 [226 kB]
Get:42 http://archive.ubuntu.com/ubuntu resolute/main amd64 libfftw3-single3 amd64 3.3.10-2fakesync1build3 [865 kB]
Get:43 http://archive.ubuntu.com/ubuntu resolute/main amd64 libogg0 amd64 1.3.6-2 [23.4 kB]
Get:44 http://archive.ubuntu.com/ubuntu resolute/main amd64 libflac14 amd64 1.5.0+ds-5 [168 kB]
Get:45 http://archive.ubuntu.com/ubuntu resolute/main amd64 libvulkan1 amd64 1.4.341.0-1 [157 kB]
Get:46 http://archive.ubuntu.com/ubuntu resolute-updates/main amd64 libgl1-mesa-dri amd64 26.0.8-1ubuntu0.3 [38.2 kB]
Get:47 http://archive.ubuntu.com/ubuntu resolute/main amd64 libxcb-glx0 amd64 1.17.0-2ubuntu1 [24.7 kB]
Get:48 http://archive.ubuntu.com/ubuntu resolute/main amd64 libxxf86vm1 amd64 1:1.1.4-2 [10.6 kB]
Get:49 http://archive.ubuntu.com/ubuntu resolute-updates/main amd64 libglx-mesa0 amd64 26.0.8-1ubuntu0.3 [126 kB]
Get:50 http://archive.ubuntu.com/ubuntu resolute-updates/main amd64 libgraphite2-3 amd64 1.3.14-11ubuntu1.1 [72.9 kB]
Get:51 http://archive.ubuntu.com/ubuntu resolute/main amd64 libgudev-1.0-0 amd64 1:238-7build1 [15.9 kB]
Get:52 http://archive.ubuntu.com/ubuntu resolute/main amd64 libharfbuzz0b amd64 12.3.2-2 [519 kB]
Get:53 http://archive.ubuntu.com/ubuntu resolute/main amd64 x11-common all 1:7.7+26ubuntu1 [22.5 kB]
Get:54 http://archive.ubuntu.com/ubuntu resolute/main amd64 libice6 amd64 2:1.1.1-1build1 [44.0 kB]
Get:55 http://archive.ubuntu.com/ubuntu resolute/main amd64 libicu78 amd64 78.2-2ubuntu1 [11.5 MB]
Get:56 http://archive.ubuntu.com/ubuntu resolute/main amd64 libwacom-common all 2.18.0-1 [117 kB]
Get:57 http://archive.ubuntu.com/ubuntu resolute/main amd64 libwacom9 amd64 2.18.0-1 [28.4 kB]
Get:58 http://archive.ubuntu.com/ubuntu resolute-updates/main amd64 libinput-bin amd64 1.31.1-1ubuntu1.2 [24.5 kB]
Get:59 http://archive.ubuntu.com/ubuntu resolute/main amd64 libmtdev1t64 amd64 1.1.7-1build1 [15.2 kB]
Get:60 http://archive.ubuntu.com/ubuntu resolute-updates/main amd64 libinput10 amd64 1.31.1-1ubuntu1.2 [161 kB]
Get:61 http://archive.ubuntu.com/ubuntu resolute/main amd64 libjpeg-turbo8 amd64 2.1.5-4ubuntu4 [153 kB]
Get:62 http://archive.ubuntu.com/ubuntu resolute/main amd64 libjpeg8 amd64 8c-2ubuntu12 [2142 B]
Get:63 http://archive.ubuntu.com/ubuntu resolute/universe amd64 libkf6i18n-data all 6.24.0-0ubuntu1 [1209 kB]
Get:64 http://archive.ubuntu.com/ubuntu resolute/main amd64 libpcre2-16-0 amd64 10.46-1build1 [240 kB]
Get:65 http://archive.ubuntu.com/ubuntu resolute/universe amd64 libqt6core6t64 amd64 6.10.2+dfsg-7 [2080 kB]
Get:66 http://archive.ubuntu.com/ubuntu resolute/main amd64 libproxy1v5 amd64 0.5.12-1 [28.3 kB]
Get:67 http://archive.ubuntu.com/ubuntu resolute/universe amd64 libqt6dbus6 amd64 6.10.2+dfsg-7 [285 kB]
Get:68 http://archive.ubuntu.com/ubuntu resolute/universe amd64 libqt6network6 amd64 6.10.2+dfsg-7 [859 kB]
Get:69 http://archive.ubuntu.com/ubuntu resolute/universe amd64 libqt6qml6 amd64 6.10.2+dfsg-3 [1893 kB]
Get:70 http://archive.ubuntu.com/ubuntu resolute/universe amd64 libkf6i18n6 amd64 6.24.0-0ubuntu1 [194 kB]
Get:71 http://archive.ubuntu.com/ubuntu resolute/universe amd64 libkpipewire-data all 6.6.4-0ubuntu1 [16.5 kB]
Get:72 http://archive.ubuntu.com/ubuntu resolute/main amd64 libmpg123-0t64 amd64 1.33.3-2 [176 kB]
Get:73 http://archive.ubuntu.com/ubuntu resolute/main amd64 libmp3lame0 amd64 3.101~svn6525+dfsg-2 [121 kB]
Get:74 http://archive.ubuntu.com/ubuntu resolute/main amd64 libopus0 amd64 1.6.1-1 [3564 kB]
Get:75 http://archive.ubuntu.com/ubuntu resolute/main amd64 libvorbis0a amd64 1.3.7-3build2 [101 kB]
Get:76 http://archive.ubuntu.com/ubuntu resolute/main amd64 libvorbisenc2 amd64 1.3.7-3build2 [79.6 kB]
Get:77 http://archive.ubuntu.com/ubuntu resolute/main amd64 libsndfile1 amd64 1.2.2-4 [219 kB]
Get:78 http://archive.ubuntu.com/ubuntu resolute/main amd64 libwebrtc-audio-processing-1-3 amd64 1.3-3build2 [411 kB]
Get:79 http://archive.ubuntu.com/ubuntu resolute-updates/main amd64 libspa-0.2-modules amd64 1.6.2-1ubuntu1.2 [1152 kB]
Get:80 http://archive.ubuntu.com/ubuntu resolute-updates/main amd64 libpipewire-0.3-0t64 amd64 1.6.2-1ubuntu1.2 [300 kB]
Get:81 http://archive.ubuntu.com/ubuntu resolute/main amd64 libglvnd0 amd64 1.7.0-3 [64.1 kB]
Get:82 http://archive.ubuntu.com/ubuntu resolute/main amd64 libegl1 amd64 1.7.0-3 [29.7 kB]
Get:83 http://archive.ubuntu.com/ubuntu resolute/main amd64 libglx0 amd64 1.7.0-3 [38.9 kB]
Get:84 http://archive.ubuntu.com/ubuntu resolute/universe amd64 libmd4c0 amd64 0.5.2-2build1 [43.7 kB]
Get:85 http://archive.ubuntu.com/ubuntu resolute/main amd64 libopengl0 amd64 1.7.0-3 [32.8 kB]
Get:86 http://archive.ubuntu.com/ubuntu resolute/main amd64 libsm6 amd64 2:1.2.6-1build1 [16.9 kB]
Get:87 http://archive.ubuntu.com/ubuntu resolute/universe amd64 libts0t64 amd64 1.22-1.1build2 [64.0 kB]
Get:88 http://archive.ubuntu.com/ubuntu resolute/main amd64 libxcb-util1 amd64 0.4.1-1build1 [11.1 kB]
Get:89 http://archive.ubuntu.com/ubuntu resolute/universe amd64 libxcb-image0 amd64 0.4.0-2build2 [11.0 kB]
Get:90 http://archive.ubuntu.com/ubuntu resolute/main amd64 libxcb-render0 amd64 1.17.0-2ubuntu1 [16.2 kB]
Get:91 http://archive.ubuntu.com/ubuntu resolute/universe amd64 libxcb-render-util0 amd64 0.3.10-1build1 [10.4 kB]
Get:92 http://archive.ubuntu.com/ubuntu resolute/universe amd64 libxcb-cursor0 amd64 0.1.6-1 [10.6 kB]
Get:93 http://archive.ubuntu.com/ubuntu resolute/universe amd64 libxcb-icccm4 amd64 0.4.2-1build1 [11.0 kB]
Get:94 http://archive.ubuntu.com/ubuntu resolute/universe amd64 libxcb-keysyms1 amd64 0.4.1-1build1 [8704 B]
Get:95 http://archive.ubuntu.com/ubuntu resolute/main amd64 libxcb-shape0 amd64 1.17.0-2ubuntu1 [6172 B]
Get:96 http://archive.ubuntu.com/ubuntu resolute/main amd64 libxcb-xinput0 amd64 1.17.0-2ubuntu1 [32.5 kB]
Get:97 http://archive.ubuntu.com/ubuntu resolute/main amd64 libxcb-xkb1 amd64 1.17.0-2ubuntu1 [32.7 kB]
Get:98 http://archive.ubuntu.com/ubuntu resolute/main amd64 libxkbcommon-x11-0 amd64 1.13.1-1 [15.0 kB]
Get:99 http://archive.ubuntu.com/ubuntu resolute/universe amd64 libqt6gui6 amd64 6.10.2+dfsg-7 [3550 kB]
Get:100 http://archive.ubuntu.com/ubuntu resolute/universe amd64 libqt6opengl6 amd64 6.10.2+dfsg-7 [439 kB]
Get:101 http://archive.ubuntu.com/ubuntu resolute/universe amd64 libqt6qmlmodels6 amd64 6.10.2+dfsg-3 [387 kB]
Get:102 http://archive.ubuntu.com/ubuntu resolute/universe amd64 libqt6qmlworkerscript6 amd64 6.10.2+dfsg-3 [35.9 kB]
Get:103 http://archive.ubuntu.com/ubuntu resolute/universe amd64 libqt6qmlmeta6 amd64 6.10.2+dfsg-3 [69.4 kB]
Get:104 http://archive.ubuntu.com/ubuntu resolute/universe amd64 libqt6quick6 amd64 6.10.2+dfsg-3 [2514 kB]
Get:105 http://archive.ubuntu.com/ubuntu resolute/main amd64 libva2 amd64 2.23.0-1ubuntu1 [76.5 kB]
Get:106 http://archive.ubuntu.com/ubuntu resolute/main amd64 libva-drm2 amd64 2.23.0-1ubuntu1 [7112 B]
Get:107 http://archive.ubuntu.com/ubuntu resolute/universe amd64 libkpipewire6 amd64 6.6.4-0ubuntu1 [68.5 kB]
Fetched 82.3 MB in 6min 8s (223 kB/s)
Selecting previously unselected package libxml2-16:amd64.
(Reading database ... 
(Reading database ... 5%
(Reading database ... 10%
(Reading database ... 15%
(Reading database ... 20%
(Reading database ... 25%
(Reading database ... 30%
(Reading database ... 35%
(Reading database ... 40%
(Reading database ... 45%
(Reading database ... 50%
(Reading database ... 55%
(Reading database ... 60%
(Reading database ... 65%
(Reading database ... 70%
(Reading database ... 75%
(Reading database ... 80%
(Reading database ... 85%
(Reading database ... 90%
(Reading database ... 95%
(Reading database ... 100%
(Reading database ... 67330 files and directories currently installed.)
Preparing to unpack .../000-libxml2-16_2.15.2+dfsg-0.1ubuntu0.2_amd64.deb ...
Unpacking libxml2-16:amd64 (2.15.2+dfsg-0.1ubuntu0.2) ...
Selecting previously unselected package shared-mime-info.
Preparing to unpack .../001-shared-mime-info_2.4-5build3_amd64.deb ...
Unpacking shared-mime-info (2.4-5build3) ...
Selecting previously unselected package libevdev2:amd64.
Preparing to unpack .../002-libevdev2_1.13.6+dfsg-1_amd64.deb ...
Unpacking libevdev2:amd64 (1.13.6+dfsg-1) ...
Selecting previously unselected package libsensors-config.
Preparing to unpack .../003-libsensors-config_1%3a3.6.2-2build1_all.deb ...
Unpacking libsensors-config (1:3.6.2-2build1) ...
Selecting previously unselected package libsensors5:amd64.
Preparing to unpack .../004-libsensors5_1%3a3.6.2-2build1_amd64.deb ...
Unpacking libsensors5:amd64 (1:3.6.2-2build1) ...
Selecting previously unselected package libxau6:amd64.
Preparing to unpack .../005-libxau6_1%3a1.0.11-1build2_amd64.deb ...
Unpacking libxau6:amd64 (1:1.0.11-1build2) ...
Selecting previously unselected package libxdmcp6:amd64.
Preparing to unpack .../006-libxdmcp6_1%3a1.1.5-2_amd64.deb ...
Unpacking libxdmcp6:amd64 (1:1.1.5-2) ...
Selecting previously unselected package libxcb1:amd64.
Preparing to unpack .../007-libxcb1_1.17.0-2ubuntu1_amd64.deb ...
Unpacking libxcb1:amd64 (1.17.0-2ubuntu1) ...
Selecting previously unselected package libx11-data.
Preparing to unpack .../008-libx11-data_2%3a1.8.13-1_all.deb ...
Unpacking libx11-data (2:1.8.13-1) ...
Selecting previously unselected package libx11-6:amd64.
Preparing to unpack .../009-libx11-6_2%3a1.8.13-1_amd64.deb ...
Unpacking libx11-6:amd64 (2:1.8.13-1) ...
Selecting previously unselected package libxext6:amd64.
Preparing to unpack .../010-libxext6_2%3a1.3.4-1build3_amd64.deb ...
Unpacking libxext6:amd64 (2:1.3.4-1build3) ...
Selecting previously unselected package libxkbcommon0:amd64.
Preparing to unpack .../011-libxkbcommon0_1.13.1-1_amd64.deb ...
Unpacking libxkbcommon0:amd64 (1.13.1-1) ...
Selecting previously unselected package fonts-dejavu-mono.
Preparing to unpack .../012-fonts-dejavu-mono_2.37-8build1_all.deb ...
Unpacking fonts-dejavu-mono (2.37-8build1) ...
Selecting previously unselected package fonts-dejavu-core.
Preparing to unpack .../013-fonts-dejavu-core_2.37-8build1_all.deb ...
Unpacking fonts-dejavu-core (2.37-8build1) ...
Selecting previously unselected package fontconfig-config.
Preparing to unpack .../014-fontconfig-config_2.17.1-3ubuntu1_amd64.deb ...
Unpacking fontconfig-config (2.17.1-3ubuntu1) ...
Selecting previously unselected package libfontconfig1:amd64.
Preparing to unpack .../015-libfontconfig1_2.17.1-3ubuntu1_amd64.deb ...
Unpacking libfontconfig1:amd64 (2.17.1-3ubuntu1) ...
Selecting previously unselected package fontconfig.
Preparing to unpack .../016-fontconfig_2.17.1-3ubuntu1_amd64.deb ...
Unpacking fontconfig (2.17.1-3ubuntu1) ...
Selecting previously unselected package libasound2-data.
Preparing to unpack .../017-libasound2-data_1.2.15.3-1ubuntu1.1_all.deb ...
Unpacking libasound2-data (1.2.15.3-1ubuntu1.1) ...
Selecting previously unselected package libasound2t64:amd64.
Preparing to unpack .../018-libasound2t64_1.2.15.3-1ubuntu1.1_amd64.deb ...
Unpacking libasound2t64:amd64 (1.2.15.3-1ubuntu1.1) ...
Selecting previously unselected package libgomp1:amd64.
Preparing to unpack .../019-libgomp1_16-20260322-1ubuntu1_amd64.deb ...
Unpacking libgomp1:amd64 (16-20260322-1ubuntu1) ...
Selecting previously unselected package libb2-1:amd64.
Preparing to unpack .../020-libb2-1_0.98.1-1.1build2_amd64.deb ...
Unpacking libb2-1:amd64 (0.98.1-1.1build2) ...
Selecting previously unselected package libcurl3t64-gnutls:amd64.
Preparing to unpack .../021-libcurl3t64-gnutls_8.18.0-1ubuntu2.7_amd64.deb ...
Unpacking libcurl3t64-gnutls:amd64 (8.18.0-1ubuntu2.7) ...
Selecting previously unselected package libdouble-conversion3:amd64.
Preparing to unpack .../022-libdouble-conversion3_3.4.0-1_amd64.deb ...
Unpacking libdouble-conversion3:amd64 (3.4.0-1) ...
Selecting previously unselected package libdrm-amdgpu1:amd64.
Preparing to unpack .../023-libdrm-amdgpu1_2.4.131-1_amd64.deb ...
Unpacking libdrm-amdgpu1:amd64 (2.4.131-1) ...
Selecting previously unselected package libpciaccess0:amd64.
Preparing to unpack .../024-libpciaccess0_0.18.1-1ubuntu4.1_amd64.deb ...
Unpacking libpciaccess0:amd64 (0.18.1-1ubuntu4.1) ...
Selecting previously unselected package libdrm-intel1:amd64.
Preparing to unpack .../025-libdrm-intel1_2.4.131-1_amd64.deb ...
Unpacking libdrm-intel1:amd64 (2.4.131-1) ...
Selecting previously unselected package libduktape207:amd64.
Preparing to unpack .../026-libduktape207_2.7.0+tests-0ubuntu4_amd64.deb ...
Unpacking libduktape207:amd64 (2.7.0+tests-0ubuntu4) ...
Selecting previously unselected package libllvm21:amd64.
Preparing to unpack .../027-libllvm21_1%3a21.1.8-6ubuntu1_amd64.deb ...
Unpacking libllvm21:amd64 (1:21.1.8-6ubuntu1) ...
Selecting previously unselected package libx11-xcb1:amd64.
Preparing to unpack .../028-libx11-xcb1_2%3a1.8.13-1_amd64.deb ...
Unpacking libx11-xcb1:amd64 (2:1.8.13-1) ...
Selecting previously unselected package libxcb-dri3-0:amd64.
Preparing to unpack .../029-libxcb-dri3-0_1.17.0-2ubuntu1_amd64.deb ...
Unpacking libxcb-dri3-0:amd64 (1.17.0-2ubuntu1) ...
Selecting previously unselected package libxcb-present0:amd64.
Preparing to unpack .../030-libxcb-present0_1.17.0-2ubuntu1_amd64.deb ...
Unpacking libxcb-present0:amd64 (1.17.0-2ubuntu1) ...
Selecting previously unselected package libxcb-randr0:amd64.
Preparing to unpack .../031-libxcb-randr0_1.17.0-2ubuntu1_amd64.deb ...
Unpacking libxcb-randr0:amd64 (1.17.0-2ubuntu1) ...
Selecting previously unselected package libxcb-sync1:amd64.
Preparing to unpack .../032-libxcb-sync1_1.17.0-2ubuntu1_amd64.deb ...
Unpacking libxcb-sync1:amd64 (1.17.0-2ubuntu1) ...
Selecting previously unselected package libxcb-xfixes0:amd64.
Preparing to unpack .../033-libxcb-xfixes0_1.17.0-2ubuntu1_amd64.deb ...
Unpacking libxcb-xfixes0:amd64 (1.17.0-2ubuntu1) ...
Selecting previously unselected package libxshmfence1:amd64.
Preparing to unpack .../034-libxshmfence1_1.3.3-1build1_amd64.deb ...
Unpacking libxshmfence1:amd64 (1.3.3-1build1) ...
Selecting previously unselected package mesa-libgallium:amd64.
Preparing to unpack .../035-mesa-libgallium_26.0.8-1ubuntu0.3_amd64.deb ...
Unpacking mesa-libgallium:amd64 (26.0.8-1ubuntu0.3) ...
Selecting previously unselected package libgbm1:amd64.
Preparing to unpack .../036-libgbm1_26.0.8-1ubuntu0.3_amd64.deb ...
Unpacking libgbm1:amd64 (26.0.8-1ubuntu0.3) ...
Selecting previously unselected package libwayland-client0:amd64.
Preparing to unpack .../037-libwayland-client0_1.24.0-2_amd64.deb ...
Unpacking libwayland-client0:amd64 (1.24.0-2) ...
Selecting previously unselected package libxcb-shm0:amd64.
Preparing to unpack .../038-libxcb-shm0_1.17.0-2ubuntu1_amd64.deb ...
Unpacking libxcb-shm0:amd64 (1.17.0-2ubuntu1) ...
Selecting previously unselected package libegl-mesa0:amd64.
Preparing to unpack .../039-libegl-mesa0_26.0.8-1ubuntu0.3_amd64.deb ...
Unpacking libegl-mesa0:amd64 (26.0.8-1ubuntu0.3) ...
Selecting previously unselected package libepoxy0:amd64.
Preparing to unpack .../040-libepoxy0_1.5.10-2build1_amd64.deb ...
Unpacking libepoxy0:amd64 (1.5.10-2build1) ...
Selecting previously unselected package libfftw3-single3:amd64.
Preparing to unpack .../041-libfftw3-single3_3.3.10-2fakesync1build3_amd64.deb ...
Unpacking libfftw3-single3:amd64 (3.3.10-2fakesync1build3) ...
Selecting previously unselected package libogg0:amd64.
Preparing to unpack .../042-libogg0_1.3.6-2_amd64.deb ...
Unpacking libogg0:amd64 (1.3.6-2) ...
Selecting previously unselected package libflac14:amd64.
Preparing to unpack .../043-libflac14_1.5.0+ds-5_amd64.deb ...
Unpacking libflac14:amd64 (1.5.0+ds-5) ...
Selecting previously unselected package libvulkan1:amd64.
Preparing to unpack .../044-libvulkan1_1.4.341.0-1_amd64.deb ...
Unpacking libvulkan1:amd64 (1.4.341.0-1) ...
Selecting previously unselected package libgl1-mesa-dri:amd64.
Preparing to unpack .../045-libgl1-mesa-dri_26.0.8-1ubuntu0.3_amd64.deb ...
Unpacking libgl1-mesa-dri:amd64 (26.0.8-1ubuntu0.3) ...
Selecting previously unselected package libxcb-glx0:amd64.
Preparing to unpack .../046-libxcb-glx0_1.17.0-2ubuntu1_amd64.deb ...
Unpacking libxcb-glx0:amd64 (1.17.0-2ubuntu1) ...
Selecting previously unselected package libxxf86vm1:amd64.
Preparing to unpack .../047-libxxf86vm1_1%3a1.1.4-2_amd64.deb ...
Unpacking libxxf86vm1:amd64 (1:1.1.4-2) ...
Selecting previously unselected package libglx-mesa0:amd64.
Preparing to unpack .../048-libglx-mesa0_26.0.8-1ubuntu0.3_amd64.deb ...
Unpacking libglx-mesa0:amd64 (26.0.8-1ubuntu0.3) ...
Selecting previously unselected package libgraphite2-3:amd64.
Preparing to unpack .../049-libgraphite2-3_1.3.14-11ubuntu1.1_amd64.deb ...
Unpacking libgraphite2-3:amd64 (1.3.14-11ubuntu1.1) ...
Selecting previously unselected package libgudev-1.0-0:amd64.
Preparing to unpack .../050-libgudev-1.0-0_1%3a238-7build1_amd64.deb ...
Unpacking libgudev-1.0-0:amd64 (1:238-7build1) ...
Selecting previously unselected package libharfbuzz0b:amd64.
Preparing to unpack .../051-libharfbuzz0b_12.3.2-2_amd64.deb ...
Unpacking libharfbuzz0b:amd64 (12.3.2-2) ...
Selecting previously unselected package x11-common.
Preparing to unpack .../052-x11-common_1%3a7.7+26ubuntu1_all.deb ...
Unpacking x11-common (1:7.7+26ubuntu1) ...
Selecting previously unselected package libice6:amd64.
Preparing to unpack .../053-libice6_2%3a1.1.1-1build1_amd64.deb ...
Unpacking libice6:amd64 (2:1.1.1-1build1) ...
Selecting previously unselected package libicu78:amd64.
Preparing to unpack .../054-libicu78_78.2-2ubuntu1_amd64.deb ...
Unpacking libicu78:amd64 (78.2-2ubuntu1) ...
Selecting previously unselected package libwacom-common.
Preparing to unpack .../055-libwacom-common_2.18.0-1_all.deb ...
Unpacking libwacom-common (2.18.0-1) ...
Selecting previously unselected package libwacom9:amd64.
Preparing to unpack .../056-libwacom9_2.18.0-1_amd64.deb ...
Unpacking libwacom9:amd64 (2.18.0-1) ...
Selecting previously unselected package libinput-bin.
Preparing to unpack .../057-libinput-bin_1.31.1-1ubuntu1.2_amd64.deb ...
Unpacking libinput-bin (1.31.1-1ubuntu1.2) ...
Selecting previously unselected package libmtdev1t64:amd64.
Preparing to unpack .../058-libmtdev1t64_1.1.7-1build1_amd64.deb ...
Unpacking libmtdev1t64:amd64 (1.1.7-1build1) ...
Selecting previously unselected package libinput10:amd64.
Preparing to unpack .../059-libinput10_1.31.1-1ubuntu1.2_amd64.deb ...
Unpacking libinput10:amd64 (1.31.1-1ubuntu1.2) ...
Selecting previously unselected package libjpeg-turbo8:amd64.
Preparing to unpack .../060-libjpeg-turbo8_2.1.5-4ubuntu4_amd64.deb ...
Unpacking libjpeg-turbo8:amd64 (2.1.5-4ubuntu4) ...
Selecting previously unselected package libjpeg8:amd64.
Preparing to unpack .../061-libjpeg8_8c-2ubuntu12_amd64.deb ...
Unpacking libjpeg8:amd64 (8c-2ubuntu12) ...
Selecting previously unselected package libkf6i18n-data.
Preparing to unpack .../062-libkf6i18n-data_6.24.0-0ubuntu1_all.deb ...
Unpacking libkf6i18n-data (6.24.0-0ubuntu1) ...
Selecting previously unselected package libpcre2-16-0:amd64.
Preparing to unpack .../063-libpcre2-16-0_10.46-1build1_amd64.deb ...
Unpacking libpcre2-16-0:amd64 (10.46-1build1) ...
Selecting previously unselected package libqt6core6t64:amd64.
Preparing to unpack .../064-libqt6core6t64_6.10.2+dfsg-7_amd64.deb ...
Unpacking libqt6core6t64:amd64 (6.10.2+dfsg-7) ...
Selecting previously unselected package libproxy1v5:amd64.
Preparing to unpack .../065-libproxy1v5_0.5.12-1_amd64.deb ...
Unpacking libproxy1v5:amd64 (0.5.12-1) ...
Selecting previously unselected package libqt6dbus6:amd64.
Preparing to unpack .../066-libqt6dbus6_6.10.2+dfsg-7_amd64.deb ...
Unpacking libqt6dbus6:amd64 (6.10.2+dfsg-7) ...
Selecting previously unselected package libqt6network6:amd64.
Preparing to unpack .../067-libqt6network6_6.10.2+dfsg-7_amd64.deb ...
Unpacking libqt6network6:amd64 (6.10.2+dfsg-7) ...
Selecting previously unselected package libqt6qml6:amd64.
Preparing to unpack .../068-libqt6qml6_6.10.2+dfsg-3_amd64.deb ...
Unpacking libqt6qml6:amd64 (6.10.2+dfsg-3) ...
Selecting previously unselected package libkf6i18n6:amd64.
Preparing to unpack .../069-libkf6i18n6_6.24.0-0ubuntu1_amd64.deb ...
Unpacking libkf6i18n6:amd64 (6.24.0-0ubuntu1) ...
Selecting previously unselected package libkpipewire-data.
Preparing to unpack .../070-libkpipewire-data_6.6.4-0ubuntu1_all.deb ...
Unpacking libkpipewire-data (6.6.4-0ubuntu1) ...
Selecting previously unselected package libmpg123-0t64:amd64.
Preparing to unpack .../071-libmpg123-0t64_1.33.3-2_amd64.deb ...
Unpacking libmpg123-0t64:amd64 (1.33.3-2) ...
Selecting previously unselected package libmp3lame0:amd64.
Preparing to unpack .../072-libmp3lame0_3.101~svn6525+dfsg-2_amd64.deb ...
Unpacking libmp3lame0:amd64 (3.101~svn6525+dfsg-2) ...
Selecting previously unselected package libopus0:amd64.
Preparing to unpack .../073-libopus0_1.6.1-1_amd64.deb ...
Unpacking libopus0:amd64 (1.6.1-1) ...
Selecting previously unselected package libvorbis0a:amd64.
Preparing to unpack .../074-libvorbis0a_1.3.7-3build2_amd64.deb ...
Unpacking libvorbis0a:amd64 (1.3.7-3build2) ...
Selecting previously unselected package libvorbisenc2:amd64.
Preparing to unpack .../075-libvorbisenc2_1.3.7-3build2_amd64.deb ...
Unpacking libvorbisenc2:amd64 (1.3.7-3build2) ...
Selecting previously unselected package libsndfile1:amd64.
Preparing to unpack .../076-libsndfile1_1.2.2-4_amd64.deb ...
Unpacking libsndfile1:amd64 (1.2.2-4) ...
Selecting previously unselected package libwebrtc-audio-processing-1-3:amd64.
Preparing to unpack .../077-libwebrtc-audio-processing-1-3_1.3-3build2_amd64.deb ...
Unpacking libwebrtc-audio-processing-1-3:amd64 (1.3-3build2) ...
Selecting previously unselected package libspa-0.2-modules:amd64.
Preparing to unpack .../078-libspa-0.2-modules_1.6.2-1ubuntu1.2_amd64.deb ...
Unpacking libspa-0.2-modules:amd64 (1.6.2-1ubuntu1.2) ...
Selecting previously unselected package libpipewire-0.3-0t64:amd64.
Preparing to unpack .../079-libpipewire-0.3-0t64_1.6.2-1ubuntu1.2_amd64.deb ...
Unpacking libpipewire-0.3-0t64:amd64 (1.6.2-1ubuntu1.2) ...
Selecting previously unselected package libglvnd0:amd64.
Preparing to unpack .../080-libglvnd0_1.7.0-3_amd64.deb ...
Unpacking libglvnd0:amd64 (1.7.0-3) ...
Selecting previously unselected package libegl1:amd64.
Preparing to unpack .../081-libegl1_1.7.0-3_amd64.deb ...
Unpacking libegl1:amd64 (1.7.0-3) ...
Selecting previously unselected package libglx0:amd64.
Preparing to unpack .../082-libglx0_1.7.0-3_amd64.deb ...
Unpacking libglx0:amd64 (1.7.0-3) ...
Selecting previously unselected package libmd4c0:amd64.
Preparing to unpack .../083-libmd4c0_0.5.2-2build1_amd64.deb ...
Unpacking libmd4c0:amd64 (0.5.2-2build1) ...
Selecting previously unselected package libopengl0:amd64.
Preparing to unpack .../084-libopengl0_1.7.0-3_amd64.deb ...
Unpacking libopengl0:amd64 (1.7.0-3) ...
Selecting previously unselected package libsm6:amd64.
Preparing to unpack .../085-libsm6_2%3a1.2.6-1build1_amd64.deb ...
Unpacking libsm6:amd64 (2:1.2.6-1build1) ...
Selecting previously unselected package libts0t64:amd64.
Preparing to unpack .../086-libts0t64_1.22-1.1build2_amd64.deb ...
Unpacking libts0t64:amd64 (1.22-1.1build2) ...
Selecting previously unselected package libxcb-util1:amd64.
Preparing to unpack .../087-libxcb-util1_0.4.1-1build1_amd64.deb ...
Unpacking libxcb-util1:amd64 (0.4.1-1build1) ...
Selecting previously unselected package libxcb-image0:amd64.
Preparing to unpack .../088-libxcb-image0_0.4.0-2build2_amd64.deb ...
Unpacking libxcb-image0:amd64 (0.4.0-2build2) ...
Selecting previously unselected package libxcb-render0:amd64.
Preparing to unpack .../089-libxcb-render0_1.17.0-2ubuntu1_amd64.deb ...
Unpacking libxcb-render0:amd64 (1.17.0-2ubuntu1) ...
Selecting previously unselected package libxcb-render-util0:amd64.
Preparing to unpack .../090-libxcb-render-util0_0.3.10-1build1_amd64.deb ...
Unpacking libxcb-render-util0:amd64 (0.3.10-1build1) ...
Selecting previously unselected package libxcb-cursor0:amd64.
Preparing to unpack .../091-libxcb-cursor0_0.1.6-1_amd64.deb ...
Unpacking libxcb-cursor0:amd64 (0.1.6-1) ...
Selecting previously unselected package libxcb-icccm4:amd64.
Preparing to unpack .../092-libxcb-icccm4_0.4.2-1build1_amd64.deb ...
Unpacking libxcb-icccm4:amd64 (0.4.2-1build1) ...
Selecting previously unselected package libxcb-keysyms1:amd64.
Preparing to unpack .../093-libxcb-keysyms1_0.4.1-1build1_amd64.deb ...
Unpacking libxcb-keysyms1:amd64 (0.4.1-1build1) ...
Selecting previously unselected package libxcb-shape0:amd64.
Preparing to unpack .../094-libxcb-shape0_1.17.0-2ubuntu1_amd64.deb ...
Unpacking libxcb-shape0:amd64 (1.17.0-2ubuntu1) ...
Selecting previously unselected package libxcb-xinput0:amd64.
Preparing to unpack .../095-libxcb-xinput0_1.17.0-2ubuntu1_amd64.deb ...
Unpacking libxcb-xinput0:amd64 (1.17.0-2ubuntu1) ...
Selecting previously unselected package libxcb-xkb1:amd64.
Preparing to unpack .../096-libxcb-xkb1_1.17.0-2ubuntu1_amd64.deb ...
Unpacking libxcb-xkb1:amd64 (1.17.0-2ubuntu1) ...
Selecting previously unselected package libxkbcommon-x11-0:amd64.
Preparing to unpack .../097-libxkbcommon-x11-0_1.13.1-1_amd64.deb ...
Unpacking libxkbcommon-x11-0:amd64 (1.13.1-1) ...
Selecting previously unselected package libqt6gui6:amd64.
Preparing to unpack .../098-libqt6gui6_6.10.2+dfsg-7_amd64.deb ...
Unpacking libqt6gui6:amd64 (6.10.2+dfsg-7) ...
Selecting previously unselected package libqt6opengl6:amd64.
Preparing to unpack .../099-libqt6opengl6_6.10.2+dfsg-7_amd64.deb ...
Unpacking libqt6opengl6:amd64 (6.10.2+dfsg-7) ...
Selecting previously unselected package libqt6qmlmodels6:amd64.
Preparing to unpack .../100-libqt6qmlmodels6_6.10.2+dfsg-3_amd64.deb ...
Unpacking libqt6qmlmodels6:amd64 (6.10.2+dfsg-3) ...
Selecting previously unselected package libqt6qmlworkerscript6:amd64.
Preparing to unpack .../101-libqt6qmlworkerscript6_6.10.2+dfsg-3_amd64.deb ...
Unpacking libqt6qmlworkerscript6:amd64 (6.10.2+dfsg-3) ...
Selecting previously unselected package libqt6qmlmeta6:amd64.
Preparing to unpack .../102-libqt6qmlmeta6_6.10.2+dfsg-3_amd64.deb ...
Unpacking libqt6qmlmeta6:amd64 (6.10.2+dfsg-3) ...
Selecting previously unselected package libqt6quick6:amd64.
Preparing to unpack .../103-libqt6quick6_6.10.2+dfsg-3_amd64.deb ...
Unpacking libqt6quick6:amd64 (6.10.2+dfsg-3) ...
Selecting previously unselected package libva2:amd64.
Preparing to unpack .../104-libva2_2.23.0-1ubuntu1_amd64.deb ...
Unpacking libva2:amd64 (2.23.0-1ubuntu1) ...
Selecting previously unselected package libva-drm2:amd64.
Preparing to unpack .../105-libva-drm2_2.23.0-1ubuntu1_amd64.deb ...
Unpacking libva-drm2:amd64 (2.23.0-1ubuntu1) ...
Selecting previously unselected package libkpipewire6:amd64.
Preparing to unpack .../106-libkpipewire6_6.6.4-0ubuntu1_amd64.deb ...
Unpacking libkpipewire6:amd64 (6.6.4-0ubuntu1) ...
Setting up libgraphite2-3:amd64 (1.3.14-11ubuntu1.1) ...
Setting up libkf6i18n-data (6.24.0-0ubuntu1) ...
Setting up libpciaccess0:amd64 (0.18.1-1ubuntu4.1) ...
Setting up libxau6:amd64 (1:1.0.11-1build2) ...
Setting up libxdmcp6:amd64 (1:1.1.5-2) ...
Setting up libdouble-conversion3:amd64 (3.4.0-1) ...
Setting up libxcb1:amd64 (1.17.0-2ubuntu1) ...
Setting up libxcb-xfixes0:amd64 (1.17.0-2ubuntu1) ...
Setting up libogg0:amd64 (1.3.6-2) ...
Setting up libxcb-xinput0:amd64 (1.17.0-2ubuntu1) ...
Setting up libxcb-render0:amd64 (1.17.0-2ubuntu1) ...
Setting up libglvnd0:amd64 (1.7.0-3) ...
Setting up libxml2-16:amd64 (2.15.2+dfsg-0.1ubuntu0.2) ...
Setting up libts0t64:amd64 (1.22-1.1build2) ...
Setting up libxcb-glx0:amd64 (1.17.0-2ubuntu1) ...
Setting up libdrm-intel1:amd64 (2.4.131-1) ...
Setting up libxcb-keysyms1:amd64 (0.4.1-1build1) ...
Setting up libxcb-shape0:amd64 (1.17.0-2ubuntu1) ...
Setting up x11-common (1:7.7+26ubuntu1) ...
debconf: unable to initialize frontend: Dialog
debconf: (No usable dialog-like program is installed, so the dialog based frontend cannot be used. at /usr/share/perl5/Debconf/FrontEnd/Dialog.pm line 79.)
debconf: falling back to frontend: Readline
debconf: unable to initialize frontend: Readline
debconf: (This frontend requires a controlling tty.)
debconf: falling back to frontend: Teletype
debconf: unable to initialize frontend: Teletype
debconf: (This frontend requires a controlling tty.)
debconf: falling back to frontend: Noninteractive
Setting up libsensors-config (1:3.6.2-2build1) ...
Setting up libcurl3t64-gnutls:amd64 (8.18.0-1ubuntu2.7) ...
Setting up libxcb-render-util0:amd64 (0.3.10-1build1) ...
Setting up libxcb-shm0:amd64 (1.17.0-2ubuntu1) ...
Setting up libxcb-icccm4:amd64 (0.4.2-1build1) ...
Setting up libmpg123-0t64:amd64 (1.33.3-2) ...
Setting up libgomp1:amd64 (16-20260322-1ubuntu1) ...
Setting up libwebrtc-audio-processing-1-3:amd64 (1.3-3build2) ...
Setting up libpcre2-16-0:amd64 (10.46-1build1) ...
Setting up libopengl0:amd64 (1.7.0-3) ...
Setting up libxcb-util1:amd64 (0.4.1-1build1) ...
Setting up libxcb-xkb1:amd64 (1.17.0-2ubuntu1) ...
Setting up libxcb-image0:amd64 (0.4.0-2build2) ...
Setting up libicu78:amd64 (78.2-2ubuntu1) ...
Setting up libxcb-present0:amd64 (1.17.0-2ubuntu1) ...
Setting up libasound2-data (1.2.15.3-1ubuntu1.1) ...
Setting up libasound2t64:amd64 (1.2.15.3-1ubuntu1.1) ...
Setting up libva2:amd64 (2.23.0-1ubuntu1) ...
Setting up libx11-data (2:1.8.13-1) ...
Setting up libepoxy0:amd64 (1.5.10-2build1) ...
Setting up libxcb-sync1:amd64 (1.17.0-2ubuntu1) ...
Setting up libllvm21:amd64 (1:21.1.8-6ubuntu1) ...
Setting up libxcb-cursor0:amd64 (0.1.6-1) ...
Setting up libopus0:amd64 (1.6.1-1) ...
Setting up shared-mime-info (2.4-5build3) ...
Setting up fonts-dejavu-mono (2.37-8build1) ...
Setting up libvorbis0a:amd64 (1.3.7-3build2) ...
Setting up fonts-dejavu-core (2.37-8build1) ...
Setting up libflac14:amd64 (1.5.0+ds-5) ...
Setting up libsensors5:amd64 (1:3.6.2-2build1) ...
Setting up libjpeg-turbo8:amd64 (2.1.5-4ubuntu4) ...
Setting up libvulkan1:amd64 (1.4.341.0-1) ...
Setting up libmtdev1t64:amd64 (1.1.7-1build1) ...
Setting up libva-drm2:amd64 (2.23.0-1ubuntu1) ...
Setting up libduktape207:amd64 (2.7.0+tests-0ubuntu4) ...
Setting up libxshmfence1:amd64 (1.3.3-1build1) ...
Setting up libxcb-randr0:amd64 (1.17.0-2ubuntu1) ...
Setting up libmd4c0:amd64 (0.5.2-2build1) ...
Setting up libx11-6:amd64 (2:1.8.13-1) ...
Setting up libharfbuzz0b:amd64 (12.3.2-2) ...
Setting up libkpipewire-data (6.6.4-0ubuntu1) ...
Setting up libevdev2:amd64 (1.13.6+dfsg-1) ...
Setting up libgudev-1.0-0:amd64 (1:238-7build1) ...
Setting up libmp3lame0:amd64 (3.101~svn6525+dfsg-2) ...
Setting up libvorbisenc2:amd64 (1.3.7-3build2) ...
Setting up libdrm-amdgpu1:amd64 (2.4.131-1) ...
Setting up libwacom-common (2.18.0-1) ...
Setting up libxkbcommon0:amd64 (1.13.1-1) ...
Setting up libwayland-client0:amd64 (1.24.0-2) ...
Setting up libjpeg8:amd64 (8c-2ubuntu12) ...
Setting up libb2-1:amd64 (0.98.1-1.1build2) ...
Setting up libxcb-dri3-0:amd64 (1.17.0-2ubuntu1) ...
Setting up libx11-xcb1:amd64 (2:1.8.13-1) ...
Setting up libice6:amd64 (2:1.1.1-1build1) ...
Setting up libqt6core6t64:amd64 (6.10.2+dfsg-7) ...
Setting up mesa-libgallium:amd64 (26.0.8-1ubuntu0.3) ...
Setting up libproxy1v5:amd64 (0.5.12-1) ...
Setting up libfftw3-single3:amd64 (3.3.10-2fakesync1build3) ...
Setting up libgbm1:amd64 (26.0.8-1ubuntu0.3) ...
Setting up libwacom9:amd64 (2.18.0-1) ...
Setting up fontconfig-config (2.17.1-3ubuntu1) ...
Setting up libgl1-mesa-dri:amd64 (26.0.8-1ubuntu0.3) ...
Setting up libxext6:amd64 (2:1.3.4-1build3) ...
Setting up libxxf86vm1:amd64 (1:1.1.4-2) ...
Setting up libinput-bin (1.31.1-1ubuntu1.2) ...
Setting up libegl-mesa0:amd64 (26.0.8-1ubuntu0.3) ...
Setting up libxkbcommon-x11-0:amd64 (1.13.1-1) ...
Setting up libegl1:amd64 (1.7.0-3) ...
Setting up libfontconfig1:amd64 (2.17.1-3ubuntu1) ...
Setting up libsndfile1:amd64 (1.2.2-4) ...
Setting up libsm6:amd64 (2:1.2.6-1build1) ...
Setting up libqt6dbus6:amd64 (6.10.2+dfsg-7) ...
Setting up libinput10:amd64 (1.31.1-1ubuntu1.2) ...
Setting up fontconfig (2.17.1-3ubuntu1) ...
Regenerating fonts cache... done.
Setting up libglx-mesa0:amd64 (26.0.8-1ubuntu0.3) ...
Setting up libglx0:amd64 (1.7.0-3) ...
Setting up libqt6gui6:amd64 (6.10.2+dfsg-7) ...
Setting up libspa-0.2-modules:amd64 (1.6.2-1ubuntu1.2) ...
Setting up libqt6network6:amd64 (6.10.2+dfsg-7) ...
Setting up libpipewire-0.3-0t64:amd64 (1.6.2-1ubuntu1.2) ...
Setting up libqt6qml6:amd64 (6.10.2+dfsg-3) ...
Setting up libqt6opengl6:amd64 (6.10.2+dfsg-7) ...
Setting up libqt6qmlmodels6:amd64 (6.10.2+dfsg-3) ...
Setting up libqt6qmlworkerscript6:amd64 (6.10.2+dfsg-3) ...
Setting up libkf6i18n6:amd64 (6.24.0-0ubuntu1) ...
Setting up libqt6qmlmeta6:amd64 (6.10.2+dfsg-3) ...
Setting up libqt6quick6:amd64 (6.10.2+dfsg-3) ...
Setting up libkpipewire6:amd64 (6.6.4-0ubuntu1) ...
Processing triggers for libc-bin (2.43-2ubuntu2.4) ...
Processing triggers for udev (259.5-0ubuntu3.4) ...
/tmp/tmp.U76JLavCPB/payload.tar: OK
Reading package lists...
Building dependency tree...
Reading state information...
python3 is already the newest version (3.14.3-0ubuntu2).
python3 set to manually installed.
Solving dependencies...
The following additional packages will be installed:
  bubblewrap cmake-data cpp cpp-15 cpp-15-x86-64-linux-gnu
  cpp-x86-64-linux-gnu dconf-gsettings-backend dconf-service g++ g++-15
  g++-15-x86-64-linux-gnu g++-x86-64-linux-gnu gcc gcc-15 gcc-15-base
  gcc-15-x86-64-linux-gnu gcc-x86-64-linux-gnu glib-networking
  glib-networking-common glib-networking-services glycin-loaders
  glycin-thumbnailers gsettings-desktop-schemas libaom3 libarchive13t64
  libasan8 libass9 libasyncns0 libavahi-client3 libavahi-common-data
  libavahi-common3 libavc1394-0 libavcodec62 libavdevice62 libavfilter11
  libavformat62 libavutil60 libbluray3 libbs2b0 libc-dev-bin libc6-dev
  libcairo-gobject2 libcairo2 libcc1-0 libcdio-cdda2t64 libcdio-paranoia2t64
  libcdio19t64 libchromaprint1 libcjson1 libcodec2-1.2 libcrypt-dev
  libcups2t64 libdatrie1 libdav1d7 libdc1394-25 libdconf1 libdecor-0-0
  libdvdnav4 libdvdread8t64 libfftw3-double3 libflite1 libfribidi0
  libgcc-15-dev libgdk-pixbuf-2.0-0 libgdk-pixbuf2.0-common libgl-dev libgl1
  libglx-dev libglycin-2-0 libgme0 libgsm1 libheif-plugin-aomdec libheif1
  libhwasan0 libhwy1t64 libiec61883-0 libisl23 libitm1 libjack-jackd2-0
  libjson-glib-1.0-0 libjson-glib-1.0-common libjsoncpp26 libjxl0.11
  libkf6coreaddons-data libkf6coreaddons6 libkpipewiredmabuf6
  libkpipewirerecord6 liblcms2-2 liblilv-0-0 liblsan0 libmbedcrypto16 libmpc3
  libmpfr6 libmysofa1 libnorm1t64 libnuma1 libopenal-data libopenal1
  libopengl-dev libopenjp2-7 libopenmpt0t64 libpango-1.0-0 libpangocairo-1.0-0
  libpangoft2-1.0-0 libpgm-5.3-0t64 libpipewire-0.3-modules libpixman-1-0
  libpkgconf7 libplacebo360 libpulse0 libqt6concurrent6 libqt6labsplatform6
  libqt6labssynchronizer6 libqt6openglwidgets6 libqt6printsupport6
  libqt6qmlcompiler6 libqt6qmlnetwork6 libqt6quickcontrols2-6
  libqt6quickshapes6 libqt6quickshapesdesignhelpers6 libqt6quicktemplates2-6
  libqt6quicktest6 libqt6quickvectorimage6 libqt6quickvectorimagegenerator6
  libqt6quickvectorimagehelpers6 libqt6quickwidgets6 libqt6sql6 libqt6svg6
  libqt6svgwidgets6 libqt6test6 libqt6waylandclient6 libqt6widgets6
  libqt6wlshellintegration6 libqt6xml6 libquadmath0 librabbitmq4 librav1e0.8
  libraw1394-11 librhash1 librist4 libroc0.4 librsvg2-2 librubberband3
  libsamplerate0 libsdl2-2.0-0 libsdl2-classic libserd-0-0 libsharpyuv0
  libshine3 libsnapd-glib-2-1 libsnappy1v5 libsodium23 libsord-0-0
  libsoup-3.0-0 libsoup-3.0-common libsoxr0 libspa-0.2-dev libspeex1
  libspeexdsp1 libsratom-0-0 libsrt1.5-gnutls libssh-4 libstdc++-15-dev
  libsvtav1enc2 libswresample6 libswscale9 libthai-data libthai0 libtheoradec2
  libtheoraenc2 libtsan2 libtwolame0 libubsan1 libudfread3 libunibreak6
  libuv1t64 libva-x11-2 libvdpau1 libvidstab1.1 libvorbisfile3 libvpl2
  libvpx12 libvulkan-dev libwayland-cursor0 libwayland-egl1 libwebp7
  libwebpmux3 libx11-dev libx264-165 libx265-215 libxau-dev libxcb1-dev
  libxcursor1 libxdmcp-dev libxfixes3 libxi6 libxrandr2 libxrender1 libxss1
  libxv1 libxvidcore4 libzimg2 libzix-0-0 libzmq5 libzvbi-common libzvbi0t64
  linux-libc-dev ocl-icd-libopencl1 pkgconf-bin qmake6 qmake6-bin
  qml6-module-org-kde-pipewire qml6-module-qml qml6-module-qmltime
  qml6-module-qt-labs-animation qml6-module-qt-labs-assetdownloader
  qml6-module-qt-labs-folderlistmodel qml6-module-qt-labs-platform
  qml6-module-qt-labs-qmlmodels qml6-module-qt-labs-settings
  qml6-module-qt-labs-sharedimage qml6-module-qt-labs-synchronizer
  qml6-module-qt-labs-wavefrontmesh qml6-module-qtcore qml6-module-qtnetwork
  qml6-module-qtqml qml6-module-qtqml-xmllistmodel
  qml6-module-qtquick-controls qml6-module-qtquick-dialogs
  qml6-module-qtquick-effects qml6-module-qtquick-layouts
  qml6-module-qtquick-localstorage qml6-module-qtquick-particles
  qml6-module-qtquick-shapes qml6-module-qtquick-shapes-designhelpers
  qml6-module-qtquick-templates qml6-module-qtquick-tooling
  qml6-module-qtquick-vectorimage qml6-module-qtquick-vectorimage-helpers
  qml6-module-qtquick-window qml6-module-qttest qt6-base-dev
  qt6-base-dev-tools qt6-declarative-dev-tools qt6-qmllint-plugins
  qt6-qmlls-plugins qt6-qmltooling-plugins qt6-svg-dev rpcsvc-proto
  user-session-migration x11proto-dev xorg-sgml-doctools xtrans-dev
Suggested packages:
  cmake-doc cmake-format elpa-cmake-mode ninja-build cpp-doc gcc-15-locales
  cpp-15-doc ffmpeg-doc g++-multilib g++-15-multilib gcc-15-doc gcc-multilib
  manpages-dev autoconf automake libtool flex bison gdb gcc-doc
  gcc-15-multilib gdb-x86-64-linux-gnu libheif-plugin-x265
  | libheif-plugin-kvazaar lrzip libcuda1 libnvcuvid1 libnvidia-encode1
  libbluray-bdj libc-devtools glibc-doc cups-common libdvdcss2 libfftw3-bin
  libfftw3-dev libheif-plugin-libde265 libheif-plugin-x265
  libheif-plugin-ffmpegdec libheif-plugin-jpegdec libheif-plugin-jpegenc
  libheif-plugin-j2kdec libheif-plugin-j2kenc libheif-plugin-kvazaar
  libheif-plugin-rav1e libheif-plugin-svtenc jackd2 liblcms2-utils
  libportaudio2 pipewire-doc libpipewire-0.3-modules-extra pulseaudio
  libraw1394-doc librsvg2-bin xdg-utils serdi snapd sordi speex
  libstdc++-15-doc libx11-doc libxcb-doc opencl-icd
Recommended packages:
  libheif-plugin-aomenc | libheif-plugin-rav1e | libheif-plugin-svtenc
  libaacs0 manpages manpages-dev default-libdecor-0-plugin-1
  | libdecor-0-plugin-1 libheif-plugin-aomenc libqt6sql6-sqlite
  | libqt6sql6-mysql | libqt6sql6-odbc | libqt6sql6-psql | libqt6sql6-ibase
  librsvg2-common rtkit wireplumber
The following NEW packages will be installed:
  bubblewrap build-essential cmake cmake-data cpp cpp-15
  cpp-15-x86-64-linux-gnu cpp-x86-64-linux-gnu dconf-gsettings-backend
  dconf-service ffmpeg g++ g++-15 g++-15-x86-64-linux-gnu g++-x86-64-linux-gnu
  gcc gcc-15 gcc-15-base gcc-15-x86-64-linux-gnu gcc-x86-64-linux-gnu
  glib-networking glib-networking-common glib-networking-services
  glycin-loaders glycin-thumbnailers gsettings-desktop-schemas libaom3
  libarchive13t64 libasan8 libass9 libasyncns0 libavahi-client3
  libavahi-common-data libavahi-common3 libavc1394-0 libavcodec62
  libavdevice62 libavfilter11 libavformat62 libavutil60 libbluray3 libbs2b0
  libc-dev-bin libc6-dev libcairo-gobject2 libcairo2 libcc1-0 libcdio-cdda2t64
  libcdio-paranoia2t64 libcdio19t64 libchromaprint1 libcjson1 libcodec2-1.2
  libcrypt-dev libcups2t64 libdatrie1 libdav1d7 libdc1394-25 libdconf1
  libdecor-0-0 libdvdnav4 libdvdread8t64 libfftw3-double3 libflite1
  libfribidi0 libgcc-15-dev libgdk-pixbuf-2.0-0 libgdk-pixbuf2.0-common
  libgl-dev libgl1 libglx-dev libglycin-2-0 libgme0 libgsm1
  libheif-plugin-aomdec libheif1 libhwasan0 libhwy1t64 libiec61883-0 libisl23
  libitm1 libjack-jackd2-0 libjson-glib-1.0-0 libjson-glib-1.0-common
  libjsoncpp26 libjxl0.11 libkf6coreaddons-data libkf6coreaddons6
  libkpipewire-dev libkpipewiredmabuf6 libkpipewirerecord6 liblcms2-2
  liblilv-0-0 liblsan0 libmbedcrypto16 libmpc3 libmpfr6 libmysofa1 libnorm1t64
  libnuma1 libopenal-data libopenal1 libopengl-dev libopenjp2-7 libopenmpt0t64
  libpango-1.0-0 libpangocairo-1.0-0 libpangoft2-1.0-0 libpgm-5.3-0t64
  libpipewire-0.3-dev libpipewire-0.3-modules libpixman-1-0 libpkgconf7
  libplacebo360 libpulse0 libqt6concurrent6 libqt6labsplatform6
  libqt6labssynchronizer6 libqt6openglwidgets6 libqt6printsupport6
  libqt6qmlcompiler6 libqt6qmlnetwork6 libqt6quickcontrols2-6
  libqt6quickshapes6 libqt6quickshapesdesignhelpers6 libqt6quicktemplates2-6
  libqt6quicktest6 libqt6quickvectorimage6 libqt6quickvectorimagegenerator6
  libqt6quickvectorimagehelpers6 libqt6quickwidgets6 libqt6sql6 libqt6svg6
  libqt6svgwidgets6 libqt6test6 libqt6waylandclient6 libqt6widgets6
  libqt6wlshellintegration6 libqt6xml6 libquadmath0 librabbitmq4 librav1e0.8
  libraw1394-11 librhash1 librist4 libroc0.4 librsvg2-2 librubberband3
  libsamplerate0 libsdl2-2.0-0 libsdl2-classic libserd-0-0 libsharpyuv0
  libshine3 libsnapd-glib-2-1 libsnappy1v5 libsodium23 libsord-0-0
  libsoup-3.0-0 libsoup-3.0-common libsoxr0 libspa-0.2-dev libspeex1
  libspeexdsp1 libsratom-0-0 libsrt1.5-gnutls libssh-4 libstdc++-15-dev
  libsvtav1enc2 libswresample6 libswscale9 libthai-data libthai0 libtheoradec2
  libtheoraenc2 libtsan2 libtwolame0 libubsan1 libudfread3 libunibreak6
  libuv1t64 libva-x11-2 libvdpau1 libvidstab1.1 libvorbisfile3 libvpl2
  libvpx12 libvulkan-dev libwayland-cursor0 libwayland-egl1 libwebp7
  libwebpmux3 libx11-dev libx264-165 libx265-215 libxau-dev libxcb1-dev
  libxcursor1 libxdmcp-dev libxfixes3 libxi6 libxrandr2 libxrender1 libxss1
  libxv1 libxvidcore4 libzimg2 libzix-0-0 libzmq5 libzvbi-common libzvbi0t64
  linux-libc-dev ocl-icd-libopencl1 pipewire-bin pkgconf pkgconf-bin qmake6
  qmake6-bin qml6-module-org-kde-pipewire qml6-module-qml qml6-module-qmltime
  qml6-module-qt-labs-animation qml6-module-qt-labs-assetdownloader
  qml6-module-qt-labs-folderlistmodel qml6-module-qt-labs-platform
  qml6-module-qt-labs-qmlmodels qml6-module-qt-labs-settings
  qml6-module-qt-labs-sharedimage qml6-module-qt-labs-synchronizer
  qml6-module-qt-labs-wavefrontmesh qml6-module-qtcore qml6-module-qtnetwork
  qml6-module-qtqml qml6-module-qtqml-models qml6-module-qtqml-workerscript
  qml6-module-qtqml-xmllistmodel qml6-module-qtquick
  qml6-module-qtquick-controls qml6-module-qtquick-dialogs
  qml6-module-qtquick-effects qml6-module-qtquick-layouts
  qml6-module-qtquick-localstorage qml6-module-qtquick-particles
  qml6-module-qtquick-shapes qml6-module-qtquick-shapes-designhelpers
  qml6-module-qtquick-templates qml6-module-qtquick-tooling
  qml6-module-qtquick-vectorimage qml6-module-qtquick-vectorimage-helpers
  qml6-module-qtquick-window qml6-module-qttest qt6-base-dev
  qt6-base-dev-tools qt6-declarative-dev qt6-declarative-dev-tools
  qt6-qmllint-plugins qt6-qmlls-plugins qt6-qmltooling-plugins qt6-qpa-plugins
  qt6-svg-dev rpcsvc-proto user-session-migration x11proto-dev
  xorg-sgml-doctools xtrans-dev
0 upgraded, 265 newly installed, 0 to remove and 11 not upgraded.
Need to get 196 MB of archives.
After this operation, 730 MB of additional disk space will be used.
Get:1 http://archive.ubuntu.com/ubuntu resolute/main amd64 libfribidi0 amd64 1.0.16-5 [26.6 kB]
Get:2 http://archive.ubuntu.com/ubuntu resolute/main amd64 libnuma1 amd64 2.0.19-1build1 [23.7 kB]
Get:3 http://archive.ubuntu.com/ubuntu resolute/main amd64 libuv1t64 amd64 1.51.0-2ubuntu1 [103 kB]
Get:4 http://archive.ubuntu.com/ubuntu resolute-updates/main amd64 bubblewrap amd64 0.11.1-1ubuntu0.3 [51.0 kB]
Get:5 http://archive.ubuntu.com/ubuntu resolute-updates/main amd64 libc-dev-bin amd64 2.43-2ubuntu2.4 [23.3 kB]
Get:6 http://archive.ubuntu.com/ubuntu resolute-updates/main amd64 linux-libc-dev amd64 7.0.0-38.38 [1715 kB]
Get:7 http://archive.ubuntu.com/ubuntu resolute/main amd64 rpcsvc-proto amd64 1.4.3-1build1 [68.3 kB]
Get:8 http://archive.ubuntu.com/ubuntu resolute-updates/main amd64 libc6-dev amd64 2.43-2ubuntu2.4 [2294 kB]
Get:9 http://archive.ubuntu.com/ubuntu resolute/main amd64 gcc-15-base amd64 15.2.0-16ubuntu1 [39.0 kB]
Get:10 http://archive.ubuntu.com/ubuntu resolute/main amd64 libisl23 amd64 0.27-1build1 [691 kB]
Get:11 http://archive.ubuntu.com/ubuntu resolute/main amd64 libmpfr6 amd64 4.2.2-3 [361 kB]
Get:12 http://archive.ubuntu.com/ubuntu resolute/main amd64 libmpc3 amd64 1.3.1-3 [54.6 kB]
Get:13 http://archive.ubuntu.com/ubuntu resolute/main amd64 cpp-15-x86-64-linux-gnu amd64 15.2.0-16ubuntu1 [12.9 MB]
Get:14 http://archive.ubuntu.com/ubuntu resolute/main amd64 cpp-15 amd64 15.2.0-16ubuntu1 [1030 B]
Get:15 http://archive.ubuntu.com/ubuntu resolute/main amd64 cpp-x86-64-linux-gnu amd64 4:15.2.0-5ubuntu1 [5840 B]
Get:16 http://archive.ubuntu.com/ubuntu resolute/main amd64 cpp amd64 4:15.2.0-5ubuntu1 [22.4 kB]
Get:17 http://archive.ubuntu.com/ubuntu resolute/main amd64 libcc1-0 amd64 16-20260322-1ubuntu1 [51.2 kB]
Get:18 http://archive.ubuntu.com/ubuntu resolute/main amd64 libitm1 amd64 16-20260322-1ubuntu1 [30.0 kB]
Get:19 http://archive.ubuntu.com/ubuntu resolute/main amd64 libasan8 amd64 16-20260322-1ubuntu1 [3184 kB]
Get:20 http://archive.ubuntu.com/ubuntu resolute/main amd64 liblsan0 amd64 16-20260322-1ubuntu1 [1394 kB]
Get:21 http://archive.ubuntu.com/ubuntu resolute/main amd64 libtsan2 amd64 16-20260322-1ubuntu1 [2849 kB]
Get:22 http://archive.ubuntu.com/ubuntu resolute/main amd64 libubsan1 amd64 16-20260322-1ubuntu1 [1240 kB]
Get:23 http://archive.ubuntu.com/ubuntu resolute/main amd64 libhwasan0 amd64 16-20260322-1ubuntu1 [1731 kB]
Get:24 http://archive.ubuntu.com/ubuntu resolute/main amd64 libquadmath0 amd64 16-20260322-1ubuntu1 [155 kB]
Get:25 http://archive.ubuntu.com/ubuntu resolute/main amd64 libgcc-15-dev amd64 15.2.0-16ubuntu1 [2866 kB]
Get:26 http://archive.ubuntu.com/ubuntu resolute/main amd64 gcc-15-x86-64-linux-gnu amd64 15.2.0-16ubuntu1 [25.4 MB]
Get:27 http://archive.ubuntu.com/ubuntu resolute/main amd64 gcc-15 amd64 15.2.0-16ubuntu1 [539 kB]
Get:28 http://archive.ubuntu.com/ubuntu resolute/main amd64 gcc-x86-64-linux-gnu amd64 4:15.2.0-5ubuntu1 [1208 B]
Get:29 http://archive.ubuntu.com/ubuntu resolute/main amd64 gcc amd64 4:15.2.0-5ubuntu1 [5010 B]
Get:30 http://archive.ubuntu.com/ubuntu resolute/main amd64 libstdc++-15-dev amd64 15.2.0-16ubuntu1 [2920 kB]
Get:31 http://archive.ubuntu.com/ubuntu resolute/main amd64 g++-15-x86-64-linux-gnu amd64 15.2.0-16ubuntu1 [14.4 MB]
Get:32 http://archive.ubuntu.com/ubuntu resolute/main amd64 g++-15 amd64 15.2.0-16ubuntu1 [26.7 kB]
Get:33 http://archive.ubuntu.com/ubuntu resolute/main amd64 g++-x86-64-linux-gnu amd64 4:15.2.0-5ubuntu1 [968 B]
Get:34 http://archive.ubuntu.com/ubuntu resolute/main amd64 g++ amd64 4:15.2.0-5ubuntu1 [1100 B]
Get:35 http://archive.ubuntu.com/ubuntu resolute/main amd64 libcrypt-dev amd64 1:4.5.1-1 [122 kB]
Get:36 http://archive.ubuntu.com/ubuntu resolute-updates/main amd64 build-essential amd64 12.12ubuntu2.26.04.2 [5158 B]
Get:37 http://archive.ubuntu.com/ubuntu resolute/main amd64 cmake-data all 4.2.3-2ubuntu2 [2581 kB]
Get:38 http://archive.ubuntu.com/ubuntu resolute-updates/main amd64 libarchive13t64 amd64 3.8.5-1ubuntu2.2 [397 kB]
Get:39 http://archive.ubuntu.com/ubuntu resolute/main amd64 libjsoncpp26 amd64 1.9.6-5 [84.0 kB]
Get:40 http://archive.ubuntu.com/ubuntu resolute/main amd64 librhash1 amd64 1.4.6-1.1 [133 kB]
Get:41 http://archive.ubuntu.com/ubuntu resolute/main amd64 cmake amd64 4.2.3-2ubuntu2 [13.7 MB]
Get:42 http://archive.ubuntu.com/ubuntu resolute/main amd64 libdconf1 amd64 0.49.0-4 [40.5 kB]
Get:43 http://archive.ubuntu.com/ubuntu resolute/main amd64 dconf-service amd64 0.49.0-4 [27.7 kB]
Get:44 http://archive.ubuntu.com/ubuntu resolute/main amd64 dconf-gsettings-backend amd64 0.49.0-4 [22.2 kB]
Get:45 http://archive.ubuntu.com/ubuntu resolute-updates/main amd64 libaom3 amd64 3.13.1-2ubuntu0.1 [1969 kB]
Get:46 http://archive.ubuntu.com/ubuntu resolute/main amd64 libxfixes3 amd64 1:6.0.0-2build2 [11.1 kB]
Get:47 http://archive.ubuntu.com/ubuntu resolute/universe amd64 libva-x11-2 amd64 2.23.0-1ubuntu1 [12.2 kB]
Get:48 http://archive.ubuntu.com/ubuntu resolute/main amd64 libvdpau1 amd64 1.5-4 [27.8 kB]
Get:49 http://archive.ubuntu.com/ubuntu resolute/universe amd64 libvpl2 amd64 1:2.16.0-1 [134 kB]
Get:50 http://archive.ubuntu.com/ubuntu resolute/main amd64 ocl-icd-libopencl1 amd64 2.3.4-1 [40.9 kB]
Get:51 http://archive.ubuntu.com/ubuntu resolute/universe amd64 libavutil60 amd64 7:8.0.1-3ubuntu2 [449 kB]
Get:52 http://archive.ubuntu.com/ubuntu resolute/main amd64 libpixman-1-0 amd64 0.46.4-1 [287 kB]
Get:53 http://archive.ubuntu.com/ubuntu resolute/main amd64 libxrender1 amd64 1:0.9.12-1build1 [19.2 kB]
Get:54 http://archive.ubuntu.com/ubuntu resolute/main amd64 libcairo2 amd64 1.18.4-3 [579 kB]
Get:55 http://archive.ubuntu.com/ubuntu resolute/universe amd64 libcodec2-1.2 amd64 1.2.0-4 [9015 kB]
Get:56 http://archive.ubuntu.com/ubuntu resolute/universe amd64 libdav1d7 amd64 1.5.3-1 [626 kB]
Get:57 http://archive.ubuntu.com/ubuntu resolute/universe amd64 libgsm1 amd64 1.0.23-2 [28.9 kB]
Get:58 http://archive.ubuntu.com/ubuntu resolute/main amd64 libhwy1t64 amd64 1.3.0-2 [768 kB]
Get:59 http://archive.ubuntu.com/ubuntu resolute-updates/main amd64 liblcms2-2 amd64 2.17-1ubuntu0.2 [169 kB]
Get:60 http://archive.ubuntu.com/ubuntu resolute-updates/main amd64 libjxl0.11 amd64 0.11.1-6ubuntu4.2 [1269 kB]
Get:61 http://archive.ubuntu.com/ubuntu resolute-updates/main amd64 libopenjp2-7 amd64 2.5.4-1ubuntu0.1 [187 kB]
Get:62 http://archive.ubuntu.com/ubuntu resolute/universe amd64 librav1e0.8 amd64 0.8.1-7 [1062 kB]
Get:63 http://archive.ubuntu.com/ubuntu resolute/main amd64 libcairo-gobject2 amd64 1.18.4-3 [127 kB]
Get:64 http://archive.ubuntu.com/ubuntu resolute/main amd64 libsharpyuv0 amd64 1.5.0-0.1build1 [17.6 kB]
Get:65 http://archive.ubuntu.com/ubuntu resolute-updates/main amd64 libheif-plugin-aomdec amd64 1.21.2-3ubuntu0.6 [15.5 kB]
Get:66 http://archive.ubuntu.com/ubuntu resolute-updates/main amd64 libheif1 amd64 1.21.2-3ubuntu0.6 [550 kB]
Get:67 http://archive.ubuntu.com/ubuntu resolute-updates/main amd64 glycin-loaders amd64 2.1.5+ds-0ubuntu0.2 [2984 kB]
Get:68 http://archive.ubuntu.com/ubuntu resolute-updates/main amd64 libglycin-2-0 amd64 2.1.5+ds-0ubuntu0.2 [1487 kB]
Get:69 http://archive.ubuntu.com/ubuntu resolute-updates/main amd64 glycin-thumbnailers amd64 2.1.5+ds-0ubuntu0.2 [223 kB]
Get:70 http://archive.ubuntu.com/ubuntu resolute/main amd64 libgdk-pixbuf2.0-common all 2.44.5+dfsg-4ubuntu1 [5754 B]
Get:71 http://archive.ubuntu.com/ubuntu resolute/main amd64 libgdk-pixbuf-2.0-0 amd64 2.44.5+dfsg-4ubuntu1 [101 kB]
Get:72 http://archive.ubuntu.com/ubuntu resolute/main amd64 libthai-data all 0.1.30-1 [155 kB]
Get:73 http://archive.ubuntu.com/ubuntu resolute/main amd64 libdatrie1 amd64 0.2.14-1 [19.8 kB]
Get:74 http://archive.ubuntu.com/ubuntu resolute/main amd64 libthai0 amd64 0.1.30-1 [19.2 kB]
Get:75 http://archive.ubuntu.com/ubuntu resolute/main amd64 libpango-1.0-0 amd64 1.57.0-1 [241 kB]
Get:76 http://archive.ubuntu.com/ubuntu resolute/main amd64 libpangoft2-1.0-0 amd64 1.57.0-1 [53.3 kB]
Get:77 http://archive.ubuntu.com/ubuntu resolute/main amd64 libpangocairo-1.0-0 amd64 1.57.0-1 [29.0 kB]
Get:78 http://archive.ubuntu.com/ubuntu resolute-security/main amd64 librsvg2-2 amd64 2.61.3+dfsg-3ubuntu0.1 [1850 kB]
Get:79 http://archive.ubuntu.com/ubuntu resolute/universe amd64 libshine3 amd64 3.1.1-3build1 [23.5 kB]
Get:80 http://archive.ubuntu.com/ubuntu resolute/main amd64 libsnappy1v5 amd64 1.2.2-2 [30.8 kB]
Get:81 http://archive.ubuntu.com/ubuntu resolute/main amd64 libspeex1 amd64 1.2.1-3build1 [63.3 kB]
Get:82 http://archive.ubuntu.com/ubuntu resolute/universe amd64 libsvtav1enc2 amd64 2.3.0+dfsg-1build1 [2742 kB]
Get:83 http://archive.ubuntu.com/ubuntu resolute/universe amd64 libsoxr0 amd64 0.1.3-4.1 [82.7 kB]
Get:84 http://archive.ubuntu.com/ubuntu resolute/universe amd64 libswresample6 amd64 7:8.0.1-3ubuntu2 [77.0 kB]
Get:85 http://archive.ubuntu.com/ubuntu resolute/main amd64 libtheoradec2 amd64 1.2.0+dfsg-6 [55.6 kB]
Get:86 http://archive.ubuntu.com/ubuntu resolute/main amd64 libtheoraenc2 amd64 1.2.0+dfsg-6 [106 kB]
Get:87 http://archive.ubuntu.com/ubuntu resolute/main amd64 libtwolame0 amd64 0.4.0-2build4 [52.6 kB]
Get:88 http://archive.ubuntu.com/ubuntu resolute/main amd64 libvpx12 amd64 1.16.0-3 [1244 kB]
Get:89 http://archive.ubuntu.com/ubuntu resolute/main amd64 libwebp7 amd64 1.5.0-0.1build1 [264 kB]
Get:90 http://archive.ubuntu.com/ubuntu resolute/main amd64 libwebpmux3 amd64 1.5.0-0.1build1 [26.4 kB]
Get:91 http://archive.ubuntu.com/ubuntu resolute/universe amd64 libx264-165 amd64 2:0.165.3222+gitb35605ac-3build1 [609 kB]
Get:92 http://archive.ubuntu.com/ubuntu resolute/universe amd64 libx265-215 amd64 4.1-4 [1331 kB]
Get:93 http://archive.ubuntu.com/ubuntu resolute/universe amd64 libxvidcore4 amd64 2:1.3.7-3 [220 kB]
Get:94 http://archive.ubuntu.com/ubuntu resolute/universe amd64 libzvbi-common all 0.2.44-1ubuntu2 [43.0 kB]
Get:95 http://archive.ubuntu.com/ubuntu resolute/universe amd64 libzvbi0t64 amd64 0.2.44-1ubuntu2 [264 kB]
Get:96 http://archive.ubuntu.com/ubuntu resolute/universe amd64 libavcodec62 amd64 7:8.0.1-3ubuntu2 [9711 kB]
Get:97 http://archive.ubuntu.com/ubuntu resolute/main amd64 libraw1394-11 amd64 2.1.2-2build4 [26.1 kB]
Get:98 http://archive.ubuntu.com/ubuntu resolute/main amd64 libavc1394-0 amd64 0.5.4-5build4 [15.4 kB]
Get:99 http://archive.ubuntu.com/ubuntu resolute/universe amd64 libunibreak6 amd64 6.1-3build1 [25.0 kB]
Get:100 http://archive.ubuntu.com/ubuntu resolute/universe amd64 libass9 amd64 1:0.17.4-2 [114 kB]
Get:101 http://archive.ubuntu.com/ubuntu resolute/universe amd64 libudfread3 amd64 1.2.0-2 [17.3 kB]
Get:102 http://archive.ubuntu.com/ubuntu resolute/universe amd64 libbluray3 amd64 1:1.4.1-1 [133 kB]
Get:103 http://archive.ubuntu.com/ubuntu resolute/universe amd64 libchromaprint1 amd64 1.6.0-2build1 [33.4 kB]
Get:104 http://archive.ubuntu.com/ubuntu resolute/universe amd64 libdvdread8t64 amd64 7.0.1-1 [63.3 kB]
Get:105 http://archive.ubuntu.com/ubuntu resolute/universe amd64 libdvdnav4 amd64 7.0.0-2 [40.3 kB]
Get:106 http://archive.ubuntu.com/ubuntu resolute/universe amd64 libgme0 amd64 0.6.4-1 [146 kB]
Get:107 http://archive.ubuntu.com/ubuntu resolute/main amd64 libvorbisfile3 amd64 1.3.7-3build2 [17.2 kB]
Get:108 http://archive.ubuntu.com/ubuntu resolute/universe amd64 libopenmpt0t64 amd64 0.8.4-1 [744 kB]
Get:109 http://archive.ubuntu.com/ubuntu resolute-updates/main amd64 librabbitmq4 amd64 0.15.0-1ubuntu0.26.04.2 [37.7 kB]
Get:110 http://archive.ubuntu.com/ubuntu resolute/universe amd64 libcjson1 amd64 1.7.19-2 [22.8 kB]
Get:111 http://archive.ubuntu.com/ubuntu resolute/universe amd64 libmbedcrypto16 amd64 3.6.5-0.1ubuntu2 [259 kB]
Get:112 http://archive.ubuntu.com/ubuntu resolute/universe amd64 librist4 amd64 0.2.11+dfsg-1build1 [76.0 kB]
Get:113 http://archive.ubuntu.com/ubuntu resolute/universe amd64 libsrt1.5-gnutls amd64 1.5.4-3 [334 kB]
Get:114 http://archive.ubuntu.com/ubuntu resolute-updates/main amd64 libssh-4 amd64 0.11.3-1ubuntu2.1 [208 kB]
Get:115 http://archive.ubuntu.com/ubuntu resolute/universe amd64 libnorm1t64 amd64 1.5.9+dfsg-4 [158 kB]
Get:116 http://archive.ubuntu.com/ubuntu resolute/universe amd64 libpgm-5.3-0t64 amd64 5.3.128~dfsg-2.1build2 [168 kB]
Get:117 http://archive.ubuntu.com/ubuntu resolute/main amd64 libsodium23 amd64 1.0.18-2 [165 kB]
Get:118 http://archive.ubuntu.com/ubuntu resolute/universe amd64 libzmq5 amd64 4.3.5-1build3 [262 kB]
Get:119 http://archive.ubuntu.com/ubuntu resolute/universe amd64 libavformat62 amd64 7:8.0.1-3ubuntu2 [1291 kB]
Get:120 http://archive.ubuntu.com/ubuntu resolute/universe amd64 libbs2b0 amd64 3.1.0+dfsg-8build1 [11.7 kB]
Get:121 http://archive.ubuntu.com/ubuntu resolute/universe amd64 libflite1 amd64 2.2-7build1 [13.5 MB]
Get:122 http://archive.ubuntu.com/ubuntu resolute/universe amd64 libserd-0-0 amd64 0.32.6-1 [44.7 kB]
Get:123 http://archive.ubuntu.com/ubuntu resolute/universe amd64 libzix-0-0 amd64 0.8.0-1 [24.9 kB]
Get:124 http://archive.ubuntu.com/ubuntu resolute/universe amd64 libsord-0-0 amd64 0.16.20-1 [16.0 kB]
Get:125 http://archive.ubuntu.com/ubuntu resolute/universe amd64 libsratom-0-0 amd64 0.6.20-1 [17.8 kB]
Get:126 http://archive.ubuntu.com/ubuntu resolute/universe amd64 liblilv-0-0 amd64 0.26.2-1 [44.2 kB]
Get:127 http://archive.ubuntu.com/ubuntu resolute/universe amd64 libmysofa1 amd64 1.3.3+dfsg-1ubuntu2 [1158 kB]
Get:128 http://archive.ubuntu.com/ubuntu resolute/universe amd64 libplacebo360 amd64 7.360.0-3 [2982 kB]
Get:129 http://archive.ubuntu.com/ubuntu resolute/main amd64 libfftw3-double3 amd64 3.3.10-2fakesync1build3 [833 kB]
Get:130 http://archive.ubuntu.com/ubuntu resolute/main amd64 libsamplerate0 amd64 0.2.2-4build2 [1343 kB]
Get:131 http://archive.ubuntu.com/ubuntu resolute/universe amd64 librubberband3 amd64 4.0.0+dfsg-2ubuntu1 [152 kB]
Get:132 http://archive.ubuntu.com/ubuntu resolute/universe amd64 libswscale9 amd64 7:8.0.1-3ubuntu2 [411 kB]
Get:133 http://archive.ubuntu.com/ubuntu resolute/universe amd64 libvidstab1.1 amd64 1.1.0-2.1 [38.4 kB]
Get:134 http://archive.ubuntu.com/ubuntu resolute/universe amd64 libzimg2 amd64 3.0.6+ds1-1 [205 kB]
Get:135 http://archive.ubuntu.com/ubuntu resolute/universe amd64 libavfilter11 amd64 7:8.0.1-3ubuntu2 [4873 kB]
Get:136 http://archive.ubuntu.com/ubuntu resolute/main amd64 libcdio19t64 amd64 2.2.0-4build1 [64.3 kB]
Get:137 http://archive.ubuntu.com/ubuntu resolute/main amd64 libcdio-cdda2t64 amd64 10.2+2.0.2-2 [16.9 kB]
Get:138 http://archive.ubuntu.com/ubuntu resolute/main amd64 libcdio-paranoia2t64 amd64 10.2+2.0.2-2 [17.1 kB]
Get:139 http://archive.ubuntu.com/ubuntu resolute/universe amd64 libdc1394-25 amd64 2.2.6-6 [92.3 kB]
Get:140 http://archive.ubuntu.com/ubuntu resolute/main amd64 libiec61883-0 amd64 1.2.0-8 [25.7 kB]
Get:141 http://archive.ubuntu.com/ubuntu resolute/main amd64 libjack-jackd2-0 amd64 1.9.22~dfsg-5build1 [292 kB]
Get:142 http://archive.ubuntu.com/ubuntu resolute/universe amd64 libopenal-data all 1:1.25.1-2 [163 kB]
Get:143 http://archive.ubuntu.com/ubuntu resolute/universe amd64 libopenal1 amd64 1:1.25.1-2 [768 kB]
Get:144 http://archive.ubuntu.com/ubuntu resolute/main amd64 libasyncns0 amd64 0.8-7 [12.4 kB]
Get:145 http://archive.ubuntu.com/ubuntu resolute/main amd64 libpulse0 amd64 1:17.0+dfsg1-2ubuntu4 [293 kB]
Get:146 http://archive.ubuntu.com/ubuntu resolute/main amd64 libxv1 amd64 2:1.0.13-1 [10.8 kB]
Get:147 http://archive.ubuntu.com/ubuntu resolute/universe amd64 libavdevice62 amd64 7:8.0.1-3ubuntu2 [73.7 kB]
Get:148 http://archive.ubuntu.com/ubuntu resolute/main amd64 libdecor-0-0 amd64 0.2.5-1 [16.5 kB]
Get:149 http://archive.ubuntu.com/ubuntu resolute/main amd64 libwayland-cursor0 amd64 1.24.0-2 [10.8 kB]
Get:150 http://archive.ubuntu.com/ubuntu resolute/main amd64 libwayland-egl1 amd64 1.24.0-2 [6248 B]
Get:151 http://archive.ubuntu.com/ubuntu resolute/main amd64 libxcursor1 amd64 1:1.2.3-1build1 [22.1 kB]
Get:152 http://archive.ubuntu.com/ubuntu resolute/main amd64 libxi6 amd64 2:1.8.2-2 [33.1 kB]
Get:153 http://archive.ubuntu.com/ubuntu resolute/main amd64 libxrandr2 amd64 2:1.5.4-1build1 [19.6 kB]
Get:154 http://archive.ubuntu.com/ubuntu resolute/main amd64 libxss1 amd64 1:1.2.3-1build4 [7084 B]
Get:155 http://archive.ubuntu.com/ubuntu resolute/main amd64 libsdl2-classic amd64 2.32.10+dfsg-6 [710 kB]
Get:156 http://archive.ubuntu.com/ubuntu resolute/main amd64 libsdl2-2.0-0 amd64 2.32.10+dfsg-6 [14.0 kB]
Get:157 http://archive.ubuntu.com/ubuntu resolute/universe amd64 ffmpeg amd64 7:8.0.1-3ubuntu2 [2032 kB]
Get:158 http://archive.ubuntu.com/ubuntu resolute/main amd64 glib-networking-common all 2.80.1-1build2 [6834 B]
Get:159 http://archive.ubuntu.com/ubuntu resolute/main amd64 glib-networking-services amd64 2.80.1-1build2 [13.1 kB]
Get:160 http://archive.ubuntu.com/ubuntu resolute/main amd64 user-session-migration amd64 0.5.1 [10.7 kB]
Get:161 http://archive.ubuntu.com/ubuntu resolute/main amd64 gsettings-desktop-schemas all 50.0-1ubuntu2 [37.8 kB]
Get:162 http://archive.ubuntu.com/ubuntu resolute/main amd64 glib-networking amd64 2.80.1-1build2 [64.8 kB]
Get:163 http://archive.ubuntu.com/ubuntu resolute-updates/main amd64 libavahi-common-data amd64 0.8-18ubuntu1.1 [27.2 kB]
Get:164 http://archive.ubuntu.com/ubuntu resolute-updates/main amd64 libavahi-common3 amd64 0.8-18ubuntu1.1 [23.6 kB]
Get:165 http://archive.ubuntu.com/ubuntu resolute-updates/main amd64 libavahi-client3 amd64 0.8-18ubuntu1.1 [27.2 kB]
Get:166 http://archive.ubuntu.com/ubuntu resolute-updates/main amd64 libcups2t64 amd64 2.4.16-1ubuntu1.3 [269 kB]
Get:167 http://archive.ubuntu.com/ubuntu resolute/main amd64 libgl1 amd64 1.7.0-3 [98.3 kB]
Get:168 http://archive.ubuntu.com/ubuntu resolute/main amd64 xorg-sgml-doctools all 1:1.11-1.1build1 [10.3 kB]
Get:169 http://archive.ubuntu.com/ubuntu resolute/main amd64 x11proto-dev all 2025.1-1 [608 kB]
Get:170 http://archive.ubuntu.com/ubuntu resolute/main amd64 libxau-dev amd64 1:1.0.11-1build2 [9712 B]
Get:171 http://archive.ubuntu.com/ubuntu resolute/main amd64 libxdmcp-dev amd64 1:1.1.5-2 [25.7 kB]
Get:172 http://archive.ubuntu.com/ubuntu resolute/main amd64 xtrans-dev all 1.6.0-1build1 [66.2 kB]
Get:173 http://archive.ubuntu.com/ubuntu resolute/main amd64 libxcb1-dev amd64 1.17.0-2ubuntu1 [86.3 kB]
Get:174 http://archive.ubuntu.com/ubuntu resolute/main amd64 libx11-dev amd64 2:1.8.13-1 [739 kB]
Get:175 http://archive.ubuntu.com/ubuntu resolute/main amd64 libglx-dev amd64 1.7.0-3 [14.1 kB]
Get:176 http://archive.ubuntu.com/ubuntu resolute/main amd64 libgl-dev amd64 1.7.0-3 [103 kB]
Get:177 http://archive.ubuntu.com/ubuntu resolute/main amd64 libjson-glib-1.0-common all 1.10.8+ds-2 [6142 B]
Get:178 http://archive.ubuntu.com/ubuntu resolute/main amd64 libjson-glib-1.0-0 amd64 1.10.8+ds-2 [69.8 kB]
Get:179 http://archive.ubuntu.com/ubuntu resolute-updates/universe amd64 libkf6coreaddons-data all 6.24.0-0ubuntu1.1 [152 kB]
Get:180 http://archive.ubuntu.com/ubuntu resolute-updates/universe amd64 libkf6coreaddons6 amd64 6.24.0-0ubuntu1.1 [329 kB]
Get:181 http://archive.ubuntu.com/ubuntu resolute/universe amd64 libkpipewiredmabuf6 amd64 6.6.4-0ubuntu1 [10.7 kB]
Get:182 http://archive.ubuntu.com/ubuntu resolute/universe amd64 libkpipewirerecord6 amd64 6.6.4-0ubuntu1 [91.2 kB]
Get:183 http://archive.ubuntu.com/ubuntu resolute-updates/main amd64 libspa-0.2-dev amd64 1.6.2-1ubuntu1.2 [127 kB]
Get:184 http://archive.ubuntu.com/ubuntu resolute-updates/main amd64 libpipewire-0.3-dev amd64 1.6.2-1ubuntu1.2 [60.5 kB]
Get:185 http://archive.ubuntu.com/ubuntu resolute/universe amd64 qml6-module-qtqml-models amd64 6.10.2+dfsg-3 [19.0 kB]
Get:186 http://archive.ubuntu.com/ubuntu resolute/universe amd64 qml6-module-qtqml-workerscript amd64 6.10.2+dfsg-3 [13.4 kB]
Get:187 http://archive.ubuntu.com/ubuntu resolute/universe amd64 qml6-module-qtqml amd64 6.10.2+dfsg-3 [14.2 kB]
Get:188 http://archive.ubuntu.com/ubuntu resolute/universe amd64 qml6-module-qtcore amd64 6.10.2+dfsg-3 [52.3 kB]
Get:189 http://archive.ubuntu.com/ubuntu resolute/universe amd64 qml6-module-qtquick amd64 6.10.2+dfsg-3 [62.7 kB]
Get:190 http://archive.ubuntu.com/ubuntu resolute/universe amd64 qml6-module-org-kde-pipewire amd64 6.6.4-0ubuntu1 [29.8 kB]
Get:191 http://archive.ubuntu.com/ubuntu resolute/main amd64 libopengl-dev amd64 1.7.0-3 [3396 B]
Get:192 http://archive.ubuntu.com/ubuntu resolute/universe amd64 libqt6concurrent6 amd64 6.10.2+dfsg-7 [33.4 kB]
Get:193 http://archive.ubuntu.com/ubuntu resolute/universe amd64 libqt6widgets6 amd64 6.10.2+dfsg-7 [2818 kB]
Get:194 http://archive.ubuntu.com/ubuntu resolute/universe amd64 libqt6openglwidgets6 amd64 6.10.2+dfsg-7 [43.6 kB]
Get:195 http://archive.ubuntu.com/ubuntu resolute/universe amd64 libqt6printsupport6 amd64 6.10.2+dfsg-7 [224 kB]
Get:196 http://archive.ubuntu.com/ubuntu resolute/universe amd64 libqt6sql6 amd64 6.10.2+dfsg-7 [147 kB]
Get:197 http://archive.ubuntu.com/ubuntu resolute/universe amd64 libqt6test6 amd64 6.10.2+dfsg-7 [194 kB]
Get:198 http://archive.ubuntu.com/ubuntu resolute/universe amd64 libqt6waylandclient6 amd64 6.10.2+dfsg-7 [376 kB]
Get:199 http://archive.ubuntu.com/ubuntu resolute/universe amd64 libqt6wlshellintegration6 amd64 6.10.2+dfsg-7 [95.6 kB]
Get:200 http://archive.ubuntu.com/ubuntu resolute/universe amd64 libqt6xml6 amd64 6.10.2+dfsg-7 [82.1 kB]
Get:201 http://archive.ubuntu.com/ubuntu resolute/main amd64 libvulkan-dev amd64 1.4.341.0-1 [1710 kB]
Get:202 http://archive.ubuntu.com/ubuntu resolute/universe amd64 qmake6-bin amd64 6.10.2+dfsg-7 [657 kB]
Get:203 http://archive.ubuntu.com/ubuntu resolute/universe amd64 qmake6 amd64 6.10.2+dfsg-7 [143 kB]
Get:204 http://archive.ubuntu.com/ubuntu resolute/universe amd64 qt6-base-dev-tools amd64 6.10.2+dfsg-7 [1160 kB]
Get:205 http://archive.ubuntu.com/ubuntu resolute/universe amd64 qt6-qpa-plugins amd64 6.10.2+dfsg-7 [89.3 kB]
Get:206 http://archive.ubuntu.com/ubuntu resolute/universe amd64 qt6-base-dev amd64 6.10.2+dfsg-7 [2292 kB]
Get:207 http://archive.ubuntu.com/ubuntu resolute/universe amd64 libkpipewire-dev amd64 6.6.4-0ubuntu1 [13.2 kB]
Get:208 http://archive.ubuntu.com/ubuntu resolute/main amd64 libspeexdsp1 amd64 1.2.1-3build1 [45.5 kB]
Get:209 http://archive.ubuntu.com/ubuntu resolute-updates/main amd64 libroc0.4 amd64 0.4.0+dfsg-5ubuntu3.1 [285 kB]
Get:210 http://archive.ubuntu.com/ubuntu resolute-security/main amd64 libsoup-3.0-common all 3.6.6-1ubuntu0.1 [9010 B]
Get:211 http://archive.ubuntu.com/ubuntu resolute-security/main amd64 libsoup-3.0-0 amd64 3.6.6-1ubuntu0.1 [293 kB]
Get:212 http://archive.ubuntu.com/ubuntu resolute/main amd64 libsnapd-glib-2-1 amd64 1.72-0ubuntu3 [120 kB]
Get:213 http://archive.ubuntu.com/ubuntu resolute-updates/main amd64 libpipewire-0.3-modules amd64 1.6.2-1ubuntu1.2 [882 kB]
Get:214 http://archive.ubuntu.com/ubuntu resolute/main amd64 libpkgconf7 amd64 2.5.1-4 [38.8 kB]
Get:215 http://archive.ubuntu.com/ubuntu resolute/universe amd64 libqt6quicktemplates2-6 amd64 6.10.2+dfsg-3 [692 kB]
Get:216 http://archive.ubuntu.com/ubuntu resolute/universe amd64 libqt6labsplatform6 amd64 6.10.2+dfsg-3 [102 kB]
Get:217 http://archive.ubuntu.com/ubuntu resolute/universe amd64 libqt6labssynchronizer6 amd64 6.10.2+dfsg-3 [31.6 kB]
Get:218 http://archive.ubuntu.com/ubuntu resolute/universe amd64 libqt6qmlcompiler6 amd64 6.10.2+dfsg-3 [791 kB]
Get:219 http://archive.ubuntu.com/ubuntu resolute/universe amd64 libqt6qmlnetwork6 amd64 6.10.2+dfsg-3 [45.3 kB]
Get:220 http://archive.ubuntu.com/ubuntu resolute/universe amd64 libqt6quickcontrols2-6 amd64 6.10.2+dfsg-3 [2153 kB]
Get:221 http://archive.ubuntu.com/ubuntu resolute/universe amd64 libqt6quickshapes6 amd64 6.10.2+dfsg-3 [143 kB]
Get:222 http://archive.ubuntu.com/ubuntu resolute/universe amd64 libqt6quickshapesdesignhelpers6 amd64 6.10.2+dfsg-3 [37.6 kB]
Get:223 http://archive.ubuntu.com/ubuntu resolute/universe amd64 libqt6quicktest6 amd64 6.10.2+dfsg-3 [122 kB]
Get:224 http://archive.ubuntu.com/ubuntu resolute/universe amd64 libqt6svg6 amd64 6.10.2-2 [234 kB]
Get:225 http://archive.ubuntu.com/ubuntu resolute/universe amd64 libqt6quickvectorimagegenerator6 amd64 6.10.2+dfsg-3 [81.6 kB]
Get:226 http://archive.ubuntu.com/ubuntu resolute/universe amd64 libqt6quickvectorimage6 amd64 6.10.2+dfsg-3 [28.2 kB]
Get:227 http://archive.ubuntu.com/ubuntu resolute/universe amd64 libqt6quickvectorimagehelpers6 amd64 6.10.2+dfsg-3 [27.0 kB]
Get:228 http://archive.ubuntu.com/ubuntu resolute/universe amd64 libqt6quickwidgets6 amd64 6.10.2+dfsg-3 [49.1 kB]
Get:229 http://archive.ubuntu.com/ubuntu resolute/universe amd64 libqt6svgwidgets6 amd64 6.10.2-2 [18.2 kB]
Get:230 http://archive.ubuntu.com/ubuntu resolute-updates/main amd64 pipewire-bin amd64 1.6.2-1ubuntu1.2 [654 kB]
Get:231 http://archive.ubuntu.com/ubuntu resolute/main amd64 pkgconf-bin amd64 2.5.1-4 [22.7 kB]
Get:232 http://archive.ubuntu.com/ubuntu resolute/main amd64 pkgconf amd64 2.5.1-4 [20.0 kB]
Get:233 http://archive.ubuntu.com/ubuntu resolute/universe amd64 qml6-module-qml amd64 6.10.2+dfsg-3 [28.0 kB]
Get:234 http://archive.ubuntu.com/ubuntu resolute/universe amd64 qml6-module-qmltime amd64 6.10.2+dfsg-3 [9420 B]
Get:235 http://archive.ubuntu.com/ubuntu resolute/universe amd64 qml6-module-qt-labs-animation amd64 6.10.2+dfsg-3 [26.9 kB]
Get:236 http://archive.ubuntu.com/ubuntu resolute/universe amd64 qml6-module-qt-labs-assetdownloader amd64 6.10.2+dfsg-3 [14.7 kB]
Get:237 http://archive.ubuntu.com/ubuntu resolute/universe amd64 qml6-module-qt-labs-folderlistmodel amd64 6.10.2+dfsg-3 [51.0 kB]
Get:238 http://archive.ubuntu.com/ubuntu resolute/universe amd64 qml6-module-qtquick-templates amd64 6.10.2+dfsg-3 [32.3 kB]
Get:239 http://archive.ubuntu.com/ubuntu resolute/universe amd64 qml6-module-qt-labs-platform amd64 6.10.2+dfsg-3 [17.1 kB]
Get:240 http://archive.ubuntu.com/ubuntu resolute/universe amd64 qml6-module-qt-labs-qmlmodels amd64 6.10.2+dfsg-3 [80.1 kB]
Get:241 http://archive.ubuntu.com/ubuntu resolute/universe amd64 qml6-module-qt-labs-settings amd64 6.10.2+dfsg-3 [30.1 kB]
Get:242 http://archive.ubuntu.com/ubuntu resolute/universe amd64 qml6-module-qt-labs-sharedimage amd64 6.10.2+dfsg-3 [27.3 kB]
Get:243 http://archive.ubuntu.com/ubuntu resolute/universe amd64 qml6-module-qt-labs-synchronizer amd64 6.10.2+dfsg-3 [13.5 kB]
Get:244 http://archive.ubuntu.com/ubuntu resolute/universe amd64 qml6-module-qt-labs-wavefrontmesh amd64 6.10.2+dfsg-3 [29.0 kB]
Get:245 http://archive.ubuntu.com/ubuntu resolute/universe amd64 qml6-module-qtnetwork amd64 6.10.2+dfsg-3 [15.9 kB]
Get:246 http://archive.ubuntu.com/ubuntu resolute/universe amd64 qml6-module-qtqml-xmllistmodel amd64 6.10.2+dfsg-3 [55.9 kB]
Get:247 http://archive.ubuntu.com/ubuntu resolute/universe amd64 qml6-module-qtquick-shapes amd64 6.10.2+dfsg-3 [15.5 kB]
Get:248 http://archive.ubuntu.com/ubuntu resolute/universe amd64 qml6-module-qtquick-window amd64 6.10.2+dfsg-3 [13.6 kB]
Get:249 http://archive.ubuntu.com/ubuntu resolute/universe amd64 qml6-module-qtquick-controls amd64 6.10.2+dfsg-3 [106 kB]
Get:250 http://archive.ubuntu.com/ubuntu resolute/universe amd64 qml6-module-qtquick-layouts amd64 6.10.2+dfsg-3 [122 kB]
Get:251 http://archive.ubuntu.com/ubuntu resolute/universe amd64 qml6-module-qtquick-dialogs amd64 6.10.2+dfsg-3 [683 kB]
Get:252 http://archive.ubuntu.com/ubuntu resolute/universe amd64 qml6-module-qtquick-effects amd64 6.10.2+dfsg-3 [244 kB]
Get:253 http://archive.ubuntu.com/ubuntu resolute/universe amd64 qml6-module-qtquick-localstorage amd64 6.10.2+dfsg-3 [30.2 kB]
Get:254 http://archive.ubuntu.com/ubuntu resolute/universe amd64 qml6-module-qtquick-particles amd64 6.10.2+dfsg-3 [265 kB]
Get:255 http://archive.ubuntu.com/ubuntu resolute/universe amd64 qml6-module-qtquick-shapes-designhelpers amd64 6.10.2+dfsg-3 [14.1 kB]
Get:256 http://archive.ubuntu.com/ubuntu resolute/universe amd64 qml6-module-qtquick-tooling amd64 6.10.2+dfsg-3 [23.2 kB]
Get:257 http://archive.ubuntu.com/ubuntu resolute/universe amd64 qml6-module-qtquick-vectorimage-helpers amd64 6.10.2+dfsg-3 [13.5 kB]
Get:258 http://archive.ubuntu.com/ubuntu resolute/universe amd64 qml6-module-qtquick-vectorimage amd64 6.10.2+dfsg-3 [13.8 kB]
Get:259 http://archive.ubuntu.com/ubuntu resolute/universe amd64 qml6-module-qttest amd64 6.10.2+dfsg-3 [32.2 kB]
Get:260 http://archive.ubuntu.com/ubuntu resolute/universe amd64 qt6-declarative-dev-tools amd64 6.10.2+dfsg-3 [2333 kB]
Get:261 http://archive.ubuntu.com/ubuntu resolute/universe amd64 qt6-qmllint-plugins amd64 6.10.2+dfsg-3 [83.0 kB]
Get:262 http://archive.ubuntu.com/ubuntu resolute/universe amd64 qt6-qmlls-plugins amd64 6.10.2+dfsg-3 [372 kB]
Get:263 http://archive.ubuntu.com/ubuntu resolute/universe amd64 qt6-qmltooling-plugins amd64 6.10.2+dfsg-3 [271 kB]
Get:264 http://archive.ubuntu.com/ubuntu resolute/universe amd64 qt6-svg-dev amd64 6.10.2-2 [22.4 kB]
Get:265 http://archive.ubuntu.com/ubuntu resolute/universe amd64 qt6-declarative-dev amd64 6.10.2+dfsg-3 [2017 kB]
Fetched 196 MB in 14min 52s (220 kB/s)
Selecting previously unselected package libfribidi0:amd64.
(Reading database ... 
(Reading database ... 5%
(Reading database ... 10%
(Reading database ... 15%
(Reading database ... 20%
(Reading database ... 25%
(Reading database ... 30%
(Reading database ... 35%
(Reading database ... 40%
(Reading database ... 45%
(Reading database ... 50%
(Reading database ... 55%
(Reading database ... 60%
(Reading database ... 65%
(Reading database ... 70%
(Reading database ... 75%
(Reading database ... 80%
(Reading database ... 85%
(Reading database ... 90%
(Reading database ... 95%
(Reading database ... 100%
(Reading database ... 69830 files and directories currently installed.)
Preparing to unpack .../000-libfribidi0_1.0.16-5_amd64.deb ...
Unpacking libfribidi0:amd64 (1.0.16-5) ...
Selecting previously unselected package libnuma1:amd64.
Preparing to unpack .../001-libnuma1_2.0.19-1build1_amd64.deb ...
Unpacking libnuma1:amd64 (2.0.19-1build1) ...
Selecting previously unselected package libuv1t64:amd64.
Preparing to unpack .../002-libuv1t64_1.51.0-2ubuntu1_amd64.deb ...
Unpacking libuv1t64:amd64 (1.51.0-2ubuntu1) ...
Selecting previously unselected package bubblewrap.
Preparing to unpack .../003-bubblewrap_0.11.1-1ubuntu0.3_amd64.deb ...
Unpacking bubblewrap (0.11.1-1ubuntu0.3) ...
Selecting previously unselected package libc-dev-bin.
Preparing to unpack .../004-libc-dev-bin_2.43-2ubuntu2.4_amd64.deb ...
Unpacking libc-dev-bin (2.43-2ubuntu2.4) ...
Selecting previously unselected package linux-libc-dev:amd64.
Preparing to unpack .../005-linux-libc-dev_7.0.0-38.38_amd64.deb ...
Unpacking linux-libc-dev:amd64 (7.0.0-38.38) ...
Selecting previously unselected package rpcsvc-proto.
Preparing to unpack .../006-rpcsvc-proto_1.4.3-1build1_amd64.deb ...
Unpacking rpcsvc-proto (1.4.3-1build1) ...
Selecting previously unselected package libc6-dev:amd64.
Preparing to unpack .../007-libc6-dev_2.43-2ubuntu2.4_amd64.deb ...
Unpacking libc6-dev:amd64 (2.43-2ubuntu2.4) ...
Selecting previously unselected package gcc-15-base:amd64.
Preparing to unpack .../008-gcc-15-base_15.2.0-16ubuntu1_amd64.deb ...
Unpacking gcc-15-base:amd64 (15.2.0-16ubuntu1) ...
Selecting previously unselected package libisl23:amd64.
Preparing to unpack .../009-libisl23_0.27-1build1_amd64.deb ...
Unpacking libisl23:amd64 (0.27-1build1) ...
Selecting previously unselected package libmpfr6:amd64.
Preparing to unpack .../010-libmpfr6_4.2.2-3_amd64.deb ...
Unpacking libmpfr6:amd64 (4.2.2-3) ...
Selecting previously unselected package libmpc3:amd64.
Preparing to unpack .../011-libmpc3_1.3.1-3_amd64.deb ...
Unpacking libmpc3:amd64 (1.3.1-3) ...
Selecting previously unselected package cpp-15-x86-64-linux-gnu.
Preparing to unpack .../012-cpp-15-x86-64-linux-gnu_15.2.0-16ubuntu1_amd64.deb ...
Unpacking cpp-15-x86-64-linux-gnu (15.2.0-16ubuntu1) ...
Selecting previously unselected package cpp-15.
Preparing to unpack .../013-cpp-15_15.2.0-16ubuntu1_amd64.deb ...
Unpacking cpp-15 (15.2.0-16ubuntu1) ...
Selecting previously unselected package cpp-x86-64-linux-gnu.
Preparing to unpack .../014-cpp-x86-64-linux-gnu_4%3a15.2.0-5ubuntu1_amd64.deb ...
Unpacking cpp-x86-64-linux-gnu (4:15.2.0-5ubuntu1) ...
Selecting previously unselected package cpp.
Preparing to unpack .../015-cpp_4%3a15.2.0-5ubuntu1_amd64.deb ...
Unpacking cpp (4:15.2.0-5ubuntu1) ...
Selecting previously unselected package libcc1-0:amd64.
Preparing to unpack .../016-libcc1-0_16-20260322-1ubuntu1_amd64.deb ...
Unpacking libcc1-0:amd64 (16-20260322-1ubuntu1) ...
Selecting previously unselected package libitm1:amd64.
Preparing to unpack .../017-libitm1_16-20260322-1ubuntu1_amd64.deb ...
Unpacking libitm1:amd64 (16-20260322-1ubuntu1) ...
Selecting previously unselected package libasan8:amd64.
Preparing to unpack .../018-libasan8_16-20260322-1ubuntu1_amd64.deb ...
Unpacking libasan8:amd64 (16-20260322-1ubuntu1) ...
Selecting previously unselected package liblsan0:amd64.
Preparing to unpack .../019-liblsan0_16-20260322-1ubuntu1_amd64.deb ...
Unpacking liblsan0:amd64 (16-20260322-1ubuntu1) ...
Selecting previously unselected package libtsan2:amd64.
Preparing to unpack .../020-libtsan2_16-20260322-1ubuntu1_amd64.deb ...
Unpacking libtsan2:amd64 (16-20260322-1ubuntu1) ...
Selecting previously unselected package libubsan1:amd64.
Preparing to unpack .../021-libubsan1_16-20260322-1ubuntu1_amd64.deb ...
Unpacking libubsan1:amd64 (16-20260322-1ubuntu1) ...
Selecting previously unselected package libhwasan0:amd64.
Preparing to unpack .../022-libhwasan0_16-20260322-1ubuntu1_amd64.deb ...
Unpacking libhwasan0:amd64 (16-20260322-1ubuntu1) ...
Selecting previously unselected package libquadmath0:amd64.
Preparing to unpack .../023-libquadmath0_16-20260322-1ubuntu1_amd64.deb ...
Unpacking libquadmath0:amd64 (16-20260322-1ubuntu1) ...
Selecting previously unselected package libgcc-15-dev:amd64.
Preparing to unpack .../024-libgcc-15-dev_15.2.0-16ubuntu1_amd64.deb ...
Unpacking libgcc-15-dev:amd64 (15.2.0-16ubuntu1) ...
Selecting previously unselected package gcc-15-x86-64-linux-gnu.
Preparing to unpack .../025-gcc-15-x86-64-linux-gnu_15.2.0-16ubuntu1_amd64.deb ...
Unpacking gcc-15-x86-64-linux-gnu (15.2.0-16ubuntu1) ...
Selecting previously unselected package gcc-15.
Preparing to unpack .../026-gcc-15_15.2.0-16ubuntu1_amd64.deb ...
Unpacking gcc-15 (15.2.0-16ubuntu1) ...
Selecting previously unselected package gcc-x86-64-linux-gnu.
Preparing to unpack .../027-gcc-x86-64-linux-gnu_4%3a15.2.0-5ubuntu1_amd64.deb ...
Unpacking gcc-x86-64-linux-gnu (4:15.2.0-5ubuntu1) ...
Selecting previously unselected package gcc.
Preparing to unpack .../028-gcc_4%3a15.2.0-5ubuntu1_amd64.deb ...
Unpacking gcc (4:15.2.0-5ubuntu1) ...
Selecting previously unselected package libstdc++-15-dev:amd64.
Preparing to unpack .../029-libstdc++-15-dev_15.2.0-16ubuntu1_amd64.deb ...
Unpacking libstdc++-15-dev:amd64 (15.2.0-16ubuntu1) ...
Selecting previously unselected package g++-15-x86-64-linux-gnu.
Preparing to unpack .../030-g++-15-x86-64-linux-gnu_15.2.0-16ubuntu1_amd64.deb ...
Unpacking g++-15-x86-64-linux-gnu (15.2.0-16ubuntu1) ...
Selecting previously unselected package g++-15.
Preparing to unpack .../031-g++-15_15.2.0-16ubuntu1_amd64.deb ...
Unpacking g++-15 (15.2.0-16ubuntu1) ...
Selecting previously unselected package g++-x86-64-linux-gnu.
Preparing to unpack .../032-g++-x86-64-linux-gnu_4%3a15.2.0-5ubuntu1_amd64.deb ...
Unpacking g++-x86-64-linux-gnu (4:15.2.0-5ubuntu1) ...
Selecting previously unselected package g++.
Preparing to unpack .../033-g++_4%3a15.2.0-5ubuntu1_amd64.deb ...
Unpacking g++ (4:15.2.0-5ubuntu1) ...
Selecting previously unselected package libcrypt-dev:amd64.
Preparing to unpack .../034-libcrypt-dev_1%3a4.5.1-1_amd64.deb ...
Unpacking libcrypt-dev:amd64 (1:4.5.1-1) ...
Selecting previously unselected package build-essential.
Preparing to unpack .../035-build-essential_12.12ubuntu2.26.04.2_amd64.deb ...
Unpacking build-essential (12.12ubuntu2.26.04.2) ...
Selecting previously unselected package cmake-data.
Preparing to unpack .../036-cmake-data_4.2.3-2ubuntu2_all.deb ...
Unpacking cmake-data (4.2.3-2ubuntu2) ...
Selecting previously unselected package libarchive13t64:amd64.
Preparing to unpack .../037-libarchive13t64_3.8.5-1ubuntu2.2_amd64.deb ...
Unpacking libarchive13t64:amd64 (3.8.5-1ubuntu2.2) ...
Selecting previously unselected package libjsoncpp26:amd64.
Preparing to unpack .../038-libjsoncpp26_1.9.6-5_amd64.deb ...
Unpacking libjsoncpp26:amd64 (1.9.6-5) ...
Selecting previously unselected package librhash1:amd64.
Preparing to unpack .../039-librhash1_1.4.6-1.1_amd64.deb ...
Unpacking librhash1:amd64 (1.4.6-1.1) ...
Selecting previously unselected package cmake.
Preparing to unpack .../040-cmake_4.2.3-2ubuntu2_amd64.deb ...
Unpacking cmake (4.2.3-2ubuntu2) ...
Selecting previously unselected package libdconf1:amd64.
Preparing to unpack .../041-libdconf1_0.49.0-4_amd64.deb ...
Unpacking libdconf1:amd64 (0.49.0-4) ...
Selecting previously unselected package dconf-service.
Preparing to unpack .../042-dconf-service_0.49.0-4_amd64.deb ...
Unpacking dconf-service (0.49.0-4) ...
Selecting previously unselected package dconf-gsettings-backend:amd64.
Preparing to unpack .../043-dconf-gsettings-backend_0.49.0-4_amd64.deb ...
Unpacking dconf-gsettings-backend:amd64 (0.49.0-4) ...
Selecting previously unselected package libaom3:amd64.
Preparing to unpack .../044-libaom3_3.13.1-2ubuntu0.1_amd64.deb ...
Unpacking libaom3:amd64 (3.13.1-2ubuntu0.1) ...
Selecting previously unselected package libxfixes3:amd64.
Preparing to unpack .../045-libxfixes3_1%3a6.0.0-2build2_amd64.deb ...
Unpacking libxfixes3:amd64 (1:6.0.0-2build2) ...
Selecting previously unselected package libva-x11-2:amd64.
Preparing to unpack .../046-libva-x11-2_2.23.0-1ubuntu1_amd64.deb ...
Unpacking libva-x11-2:amd64 (2.23.0-1ubuntu1) ...
Selecting previously unselected package libvdpau1:amd64.
Preparing to unpack .../047-libvdpau1_1.5-4_amd64.deb ...
Unpacking libvdpau1:amd64 (1.5-4) ...
Selecting previously unselected package libvpl2.
Preparing to unpack .../048-libvpl2_1%3a2.16.0-1_amd64.deb ...
Unpacking libvpl2 (1:2.16.0-1) ...
Selecting previously unselected package ocl-icd-libopencl1:amd64.
Preparing to unpack .../049-ocl-icd-libopencl1_2.3.4-1_amd64.deb ...
Unpacking ocl-icd-libopencl1:amd64 (2.3.4-1) ...
Selecting previously unselected package libavutil60:amd64.
Preparing to unpack .../050-libavutil60_7%3a8.0.1-3ubuntu2_amd64.deb ...
Unpacking libavutil60:amd64 (7:8.0.1-3ubuntu2) ...
Selecting previously unselected package libpixman-1-0:amd64.
Preparing to unpack .../051-libpixman-1-0_0.46.4-1_amd64.deb ...
Unpacking libpixman-1-0:amd64 (0.46.4-1) ...
Selecting previously unselected package libxrender1:amd64.
Preparing to unpack .../052-libxrender1_1%3a0.9.12-1build1_amd64.deb ...
Unpacking libxrender1:amd64 (1:0.9.12-1build1) ...
Selecting previously unselected package libcairo2:amd64.
Preparing to unpack .../053-libcairo2_1.18.4-3_amd64.deb ...
Unpacking libcairo2:amd64 (1.18.4-3) ...
Selecting previously unselected package libcodec2-1.2:amd64.
Preparing to unpack .../054-libcodec2-1.2_1.2.0-4_amd64.deb ...
Unpacking libcodec2-1.2:amd64 (1.2.0-4) ...
Selecting previously unselected package libdav1d7:amd64.
Preparing to unpack .../055-libdav1d7_1.5.3-1_amd64.deb ...
Unpacking libdav1d7:amd64 (1.5.3-1) ...
Selecting previously unselected package libgsm1:amd64.
Preparing to unpack .../056-libgsm1_1.0.23-2_amd64.deb ...
Unpacking libgsm1:amd64 (1.0.23-2) ...
Selecting previously unselected package libhwy1t64:amd64.
Preparing to unpack .../057-libhwy1t64_1.3.0-2_amd64.deb ...
Unpacking libhwy1t64:amd64 (1.3.0-2) ...
Selecting previously unselected package liblcms2-2:amd64.
Preparing to unpack .../058-liblcms2-2_2.17-1ubuntu0.2_amd64.deb ...
Unpacking liblcms2-2:amd64 (2.17-1ubuntu0.2) ...
Selecting previously unselected package libjxl0.11:amd64.
Preparing to unpack .../059-libjxl0.11_0.11.1-6ubuntu4.2_amd64.deb ...
Unpacking libjxl0.11:amd64 (0.11.1-6ubuntu4.2) ...
Selecting previously unselected package libopenjp2-7:amd64.
Preparing to unpack .../060-libopenjp2-7_2.5.4-1ubuntu0.1_amd64.deb ...
Unpacking libopenjp2-7:amd64 (2.5.4-1ubuntu0.1) ...
Selecting previously unselected package librav1e0.8:amd64.
Preparing to unpack .../061-librav1e0.8_0.8.1-7_amd64.deb ...
Unpacking librav1e0.8:amd64 (0.8.1-7) ...
Selecting previously unselected package libcairo-gobject2:amd64.
Preparing to unpack .../062-libcairo-gobject2_1.18.4-3_amd64.deb ...
Unpacking libcairo-gobject2:amd64 (1.18.4-3) ...
Selecting previously unselected package libsharpyuv0:amd64.
Preparing to unpack .../063-libsharpyuv0_1.5.0-0.1build1_amd64.deb ...
Unpacking libsharpyuv0:amd64 (1.5.0-0.1build1) ...
Selecting previously unselected package libheif-plugin-aomdec:amd64.
Preparing to unpack .../064-libheif-plugin-aomdec_1.21.2-3ubuntu0.6_amd64.deb ...
Unpacking libheif-plugin-aomdec:amd64 (1.21.2-3ubuntu0.6) ...
Selecting previously unselected package libheif1:amd64.
Preparing to unpack .../065-libheif1_1.21.2-3ubuntu0.6_amd64.deb ...
Unpacking libheif1:amd64 (1.21.2-3ubuntu0.6) ...
Selecting previously unselected package glycin-loaders.
Preparing to unpack .../066-glycin-loaders_2.1.5+ds-0ubuntu0.2_amd64.deb ...
Unpacking glycin-loaders (2.1.5+ds-0ubuntu0.2) ...
Selecting previously unselected package libglycin-2-0:amd64.
Preparing to unpack .../067-libglycin-2-0_2.1.5+ds-0ubuntu0.2_amd64.deb ...
Unpacking libglycin-2-0:amd64 (2.1.5+ds-0ubuntu0.2) ...
Selecting previously unselected package glycin-thumbnailers.
Preparing to unpack .../068-glycin-thumbnailers_2.1.5+ds-0ubuntu0.2_amd64.deb ...
Unpacking glycin-thumbnailers (2.1.5+ds-0ubuntu0.2) ...
Selecting previously unselected package libgdk-pixbuf2.0-common.
Preparing to unpack .../069-libgdk-pixbuf2.0-common_2.44.5+dfsg-4ubuntu1_all.deb ...
Unpacking libgdk-pixbuf2.0-common (2.44.5+dfsg-4ubuntu1) ...
Selecting previously unselected package libgdk-pixbuf-2.0-0:amd64.
Preparing to unpack .../070-libgdk-pixbuf-2.0-0_2.44.5+dfsg-4ubuntu1_amd64.deb ...
Unpacking libgdk-pixbuf-2.0-0:amd64 (2.44.5+dfsg-4ubuntu1) ...
Selecting previously unselected package libthai-data.
Preparing to unpack .../071-libthai-data_0.1.30-1_all.deb ...
Unpacking libthai-data (0.1.30-1) ...
Selecting previously unselected package libdatrie1:amd64.
Preparing to unpack .../072-libdatrie1_0.2.14-1_amd64.deb ...
Unpacking libdatrie1:amd64 (0.2.14-1) ...
Selecting previously unselected package libthai0:amd64.
Preparing to unpack .../073-libthai0_0.1.30-1_amd64.deb ...
Unpacking libthai0:amd64 (0.1.30-1) ...
Selecting previously unselected package libpango-1.0-0:amd64.
Preparing to unpack .../074-libpango-1.0-0_1.57.0-1_amd64.deb ...
Unpacking libpango-1.0-0:amd64 (1.57.0-1) ...
Selecting previously unselected package libpangoft2-1.0-0:amd64.
Preparing to unpack .../075-libpangoft2-1.0-0_1.57.0-1_amd64.deb ...
Unpacking libpangoft2-1.0-0:amd64 (1.57.0-1) ...
Selecting previously unselected package libpangocairo-1.0-0:amd64.
Preparing to unpack .../076-libpangocairo-1.0-0_1.57.0-1_amd64.deb ...
Unpacking libpangocairo-1.0-0:amd64 (1.57.0-1) ...
Selecting previously unselected package librsvg2-2:amd64.
Preparing to unpack .../077-librsvg2-2_2.61.3+dfsg-3ubuntu0.1_amd64.deb ...
Unpacking librsvg2-2:amd64 (2.61.3+dfsg-3ubuntu0.1) ...
Selecting previously unselected package libshine3:amd64.
Preparing to unpack .../078-libshine3_3.1.1-3build1_amd64.deb ...
Unpacking libshine3:amd64 (3.1.1-3build1) ...
Selecting previously unselected package libsnappy1v5:amd64.
Preparing to unpack .../079-libsnappy1v5_1.2.2-2_amd64.deb ...
Unpacking libsnappy1v5:amd64 (1.2.2-2) ...
Selecting previously unselected package libspeex1:amd64.
Preparing to unpack .../080-libspeex1_1.2.1-3build1_amd64.deb ...
Unpacking libspeex1:amd64 (1.2.1-3build1) ...
Selecting previously unselected package libsvtav1enc2:amd64.
Preparing to unpack .../081-libsvtav1enc2_2.3.0+dfsg-1build1_amd64.deb ...
Unpacking libsvtav1enc2:amd64 (2.3.0+dfsg-1build1) ...
Selecting previously unselected package libsoxr0:amd64.
Preparing to unpack .../082-libsoxr0_0.1.3-4.1_amd64.deb ...
Unpacking libsoxr0:amd64 (0.1.3-4.1) ...
Selecting previously unselected package libswresample6:amd64.
Preparing to unpack .../083-libswresample6_7%3a8.0.1-3ubuntu2_amd64.deb ...
Unpacking libswresample6:amd64 (7:8.0.1-3ubuntu2) ...
Selecting previously unselected package libtheoradec2:amd64.
Preparing to unpack .../084-libtheoradec2_1.2.0+dfsg-6_amd64.deb ...
Unpacking libtheoradec2:amd64 (1.2.0+dfsg-6) ...
Selecting previously unselected package libtheoraenc2:amd64.
Preparing to unpack .../085-libtheoraenc2_1.2.0+dfsg-6_amd64.deb ...
Unpacking libtheoraenc2:amd64 (1.2.0+dfsg-6) ...
Selecting previously unselected package libtwolame0:amd64.
Preparing to unpack .../086-libtwolame0_0.4.0-2build4_amd64.deb ...
Unpacking libtwolame0:amd64 (0.4.0-2build4) ...
Selecting previously unselected package libvpx12:amd64.
Preparing to unpack .../087-libvpx12_1.16.0-3_amd64.deb ...
Unpacking libvpx12:amd64 (1.16.0-3) ...
Selecting previously unselected package libwebp7:amd64.
Preparing to unpack .../088-libwebp7_1.5.0-0.1build1_amd64.deb ...
Unpacking libwebp7:amd64 (1.5.0-0.1build1) ...
Selecting previously unselected package libwebpmux3:amd64.
Preparing to unpack .../089-libwebpmux3_1.5.0-0.1build1_amd64.deb ...
Unpacking libwebpmux3:amd64 (1.5.0-0.1build1) ...
Selecting previously unselected package libx264-165:amd64.
Preparing to unpack .../090-libx264-165_2%3a0.165.3222+gitb35605ac-3build1_amd64.deb ...
Unpacking libx264-165:amd64 (2:0.165.3222+gitb35605ac-3build1) ...
Selecting previously unselected package libx265-215:amd64.
Preparing to unpack .../091-libx265-215_4.1-4_amd64.deb ...
Unpacking libx265-215:amd64 (4.1-4) ...
Selecting previously unselected package libxvidcore4:amd64.
Preparing to unpack .../092-libxvidcore4_2%3a1.3.7-3_amd64.deb ...
Unpacking libxvidcore4:amd64 (2:1.3.7-3) ...
Selecting previously unselected package libzvbi-common.
Preparing to unpack .../093-libzvbi-common_0.2.44-1ubuntu2_all.deb ...
Unpacking libzvbi-common (0.2.44-1ubuntu2) ...
Selecting previously unselected package libzvbi0t64:amd64.
Preparing to unpack .../094-libzvbi0t64_0.2.44-1ubuntu2_amd64.deb ...
Unpacking libzvbi0t64:amd64 (0.2.44-1ubuntu2) ...
Selecting previously unselected package libavcodec62:amd64.
Preparing to unpack .../095-libavcodec62_7%3a8.0.1-3ubuntu2_amd64.deb ...
Unpacking libavcodec62:amd64 (7:8.0.1-3ubuntu2) ...
Selecting previously unselected package libraw1394-11:amd64.
Preparing to unpack .../096-libraw1394-11_2.1.2-2build4_amd64.deb ...
Unpacking libraw1394-11:amd64 (2.1.2-2build4) ...
Selecting previously unselected package libavc1394-0:amd64.
Preparing to unpack .../097-libavc1394-0_0.5.4-5build4_amd64.deb ...
Unpacking libavc1394-0:amd64 (0.5.4-5build4) ...
Selecting previously unselected package libunibreak6:amd64.
Preparing to unpack .../098-libunibreak6_6.1-3build1_amd64.deb ...
Unpacking libunibreak6:amd64 (6.1-3build1) ...
Selecting previously unselected package libass9:amd64.
Preparing to unpack .../099-libass9_1%3a0.17.4-2_amd64.deb ...
Unpacking libass9:amd64 (1:0.17.4-2) ...
Selecting previously unselected package libudfread3:amd64.
Preparing to unpack .../100-libudfread3_1.2.0-2_amd64.deb ...
Unpacking libudfread3:amd64 (1.2.0-2) ...
Selecting previously unselected package libbluray3:amd64.
Preparing to unpack .../101-libbluray3_1%3a1.4.1-1_amd64.deb ...
Unpacking libbluray3:amd64 (1:1.4.1-1) ...
Selecting previously unselected package libchromaprint1:amd64.
Preparing to unpack .../102-libchromaprint1_1.6.0-2build1_amd64.deb ...
Unpacking libchromaprint1:amd64 (1.6.0-2build1) ...
Selecting previously unselected package libdvdread8t64:amd64.
Preparing to unpack .../103-libdvdread8t64_7.0.1-1_amd64.deb ...
Unpacking libdvdread8t64:amd64 (7.0.1-1) ...
Selecting previously unselected package libdvdnav4:amd64.
Preparing to unpack .../104-libdvdnav4_7.0.0-2_amd64.deb ...
Unpacking libdvdnav4:amd64 (7.0.0-2) ...
Selecting previously unselected package libgme0:amd64.
Preparing to unpack .../105-libgme0_0.6.4-1_amd64.deb ...
Unpacking libgme0:amd64 (0.6.4-1) ...
Selecting previously unselected package libvorbisfile3:amd64.
Preparing to unpack .../106-libvorbisfile3_1.3.7-3build2_amd64.deb ...
Unpacking libvorbisfile3:amd64 (1.3.7-3build2) ...
Selecting previously unselected package libopenmpt0t64:amd64.
Preparing to unpack .../107-libopenmpt0t64_0.8.4-1_amd64.deb ...
Unpacking libopenmpt0t64:amd64 (0.8.4-1) ...
Selecting previously unselected package librabbitmq4:amd64.
Preparing to unpack .../108-librabbitmq4_0.15.0-1ubuntu0.26.04.2_amd64.deb ...
Unpacking librabbitmq4:amd64 (0.15.0-1ubuntu0.26.04.2) ...
Selecting previously unselected package libcjson1:amd64.
Preparing to unpack .../109-libcjson1_1.7.19-2_amd64.deb ...
Unpacking libcjson1:amd64 (1.7.19-2) ...
Selecting previously unselected package libmbedcrypto16:amd64.
Preparing to unpack .../110-libmbedcrypto16_3.6.5-0.1ubuntu2_amd64.deb ...
Unpacking libmbedcrypto16:amd64 (3.6.5-0.1ubuntu2) ...
Selecting previously unselected package librist4:amd64.
Preparing to unpack .../111-librist4_0.2.11+dfsg-1build1_amd64.deb ...
Unpacking librist4:amd64 (0.2.11+dfsg-1build1) ...
Selecting previously unselected package libsrt1.5-gnutls:amd64.
Preparing to unpack .../112-libsrt1.5-gnutls_1.5.4-3_amd64.deb ...
Unpacking libsrt1.5-gnutls:amd64 (1.5.4-3) ...
Selecting previously unselected package libssh-4:amd64.
Preparing to unpack .../113-libssh-4_0.11.3-1ubuntu2.1_amd64.deb ...
Unpacking libssh-4:amd64 (0.11.3-1ubuntu2.1) ...
Selecting previously unselected package libnorm1t64:amd64.
Preparing to unpack .../114-libnorm1t64_1.5.9+dfsg-4_amd64.deb ...
Unpacking libnorm1t64:amd64 (1.5.9+dfsg-4) ...
Selecting previously unselected package libpgm-5.3-0t64:amd64.
Preparing to unpack .../115-libpgm-5.3-0t64_5.3.128~dfsg-2.1build2_amd64.deb ...
Unpacking libpgm-5.3-0t64:amd64 (5.3.128~dfsg-2.1build2) ...
Selecting previously unselected package libsodium23:amd64.
Preparing to unpack .../116-libsodium23_1.0.18-2_amd64.deb ...
Unpacking libsodium23:amd64 (1.0.18-2) ...
Selecting previously unselected package libzmq5:amd64.
Preparing to unpack .../117-libzmq5_4.3.5-1build3_amd64.deb ...
Unpacking libzmq5:amd64 (4.3.5-1build3) ...
Selecting previously unselected package libavformat62:amd64.
Preparing to unpack .../118-libavformat62_7%3a8.0.1-3ubuntu2_amd64.deb ...
Unpacking libavformat62:amd64 (7:8.0.1-3ubuntu2) ...
Selecting previously unselected package libbs2b0:amd64.
Preparing to unpack .../119-libbs2b0_3.1.0+dfsg-8build1_amd64.deb ...
Unpacking libbs2b0:amd64 (3.1.0+dfsg-8build1) ...
Selecting previously unselected package libflite1:amd64.
Preparing to unpack .../120-libflite1_2.2-7build1_amd64.deb ...
Unpacking libflite1:amd64 (2.2-7build1) ...
Selecting previously unselected package libserd-0-0:amd64.
Preparing to unpack .../121-libserd-0-0_0.32.6-1_amd64.deb ...
Unpacking libserd-0-0:amd64 (0.32.6-1) ...
Selecting previously unselected package libzix-0-0:amd64.
Preparing to unpack .../122-libzix-0-0_0.8.0-1_amd64.deb ...
Unpacking libzix-0-0:amd64 (0.8.0-1) ...
Selecting previously unselected package libsord-0-0:amd64.
Preparing to unpack .../123-libsord-0-0_0.16.20-1_amd64.deb ...
Unpacking libsord-0-0:amd64 (0.16.20-1) ...
Selecting previously unselected package libsratom-0-0:amd64.
Preparing to unpack .../124-libsratom-0-0_0.6.20-1_amd64.deb ...
Unpacking libsratom-0-0:amd64 (0.6.20-1) ...
Selecting previously unselected package liblilv-0-0:amd64.
Preparing to unpack .../125-liblilv-0-0_0.26.2-1_amd64.deb ...
Unpacking liblilv-0-0:amd64 (0.26.2-1) ...
Selecting previously unselected package libmysofa1:amd64.
Preparing to unpack .../126-libmysofa1_1.3.3+dfsg-1ubuntu2_amd64.deb ...
Unpacking libmysofa1:amd64 (1.3.3+dfsg-1ubuntu2) ...
Selecting previously unselected package libplacebo360:amd64.
Preparing to unpack .../127-libplacebo360_7.360.0-3_amd64.deb ...
Unpacking libplacebo360:amd64 (7.360.0-3) ...
Selecting previously unselected package libfftw3-double3:amd64.
Preparing to unpack .../128-libfftw3-double3_3.3.10-2fakesync1build3_amd64.deb ...
Unpacking libfftw3-double3:amd64 (3.3.10-2fakesync1build3) ...
Selecting previously unselected package libsamplerate0:amd64.
Preparing to unpack .../129-libsamplerate0_0.2.2-4build2_amd64.deb ...
Unpacking libsamplerate0:amd64 (0.2.2-4build2) ...
Selecting previously unselected package librubberband3:amd64.
Preparing to unpack .../130-librubberband3_4.0.0+dfsg-2ubuntu1_amd64.deb ...
Unpacking librubberband3:amd64 (4.0.0+dfsg-2ubuntu1) ...
Selecting previously unselected package libswscale9:amd64.
Preparing to unpack .../131-libswscale9_7%3a8.0.1-3ubuntu2_amd64.deb ...
Unpacking libswscale9:amd64 (7:8.0.1-3ubuntu2) ...
Selecting previously unselected package libvidstab1.1:amd64.
Preparing to unpack .../132-libvidstab1.1_1.1.0-2.1_amd64.deb ...
Unpacking libvidstab1.1:amd64 (1.1.0-2.1) ...
Selecting previously unselected package libzimg2:amd64.
Preparing to unpack .../133-libzimg2_3.0.6+ds1-1_amd64.deb ...
Unpacking libzimg2:amd64 (3.0.6+ds1-1) ...
Selecting previously unselected package libavfilter11:amd64.
Preparing to unpack .../134-libavfilter11_7%3a8.0.1-3ubuntu2_amd64.deb ...
Unpacking libavfilter11:amd64 (7:8.0.1-3ubuntu2) ...
Selecting previously unselected package libcdio19t64:amd64.
Preparing to unpack .../135-libcdio19t64_2.2.0-4build1_amd64.deb ...
Unpacking libcdio19t64:amd64 (2.2.0-4build1) ...
Selecting previously unselected package libcdio-cdda2t64:amd64.
Preparing to unpack .../136-libcdio-cdda2t64_10.2+2.0.2-2_amd64.deb ...
Unpacking libcdio-cdda2t64:amd64 (10.2+2.0.2-2) ...
Selecting previously unselected package libcdio-paranoia2t64:amd64.
Preparing to unpack .../137-libcdio-paranoia2t64_10.2+2.0.2-2_amd64.deb ...
Unpacking libcdio-paranoia2t64:amd64 (10.2+2.0.2-2) ...
Selecting previously unselected package libdc1394-25:amd64.
Preparing to unpack .../138-libdc1394-25_2.2.6-6_amd64.deb ...
Unpacking libdc1394-25:amd64 (2.2.6-6) ...
Selecting previously unselected package libiec61883-0:amd64.
Preparing to unpack .../139-libiec61883-0_1.2.0-8_amd64.deb ...
Unpacking libiec61883-0:amd64 (1.2.0-8) ...
Selecting previously unselected package libjack-jackd2-0:amd64.
Preparing to unpack .../140-libjack-jackd2-0_1.9.22~dfsg-5build1_amd64.deb ...
Unpacking libjack-jackd2-0:amd64 (1.9.22~dfsg-5build1) ...
Selecting previously unselected package libopenal-data.
Preparing to unpack .../141-libopenal-data_1%3a1.25.1-2_all.deb ...
Unpacking libopenal-data (1:1.25.1-2) ...
Selecting previously unselected package libopenal1:amd64.
Preparing to unpack .../142-libopenal1_1%3a1.25.1-2_amd64.deb ...
Unpacking libopenal1:amd64 (1:1.25.1-2) ...
Selecting previously unselected package libasyncns0:amd64.
Preparing to unpack .../143-libasyncns0_0.8-7_amd64.deb ...
Unpacking libasyncns0:amd64 (0.8-7) ...
Selecting previously unselected package libpulse0:amd64.
Preparing to unpack .../144-libpulse0_1%3a17.0+dfsg1-2ubuntu4_amd64.deb ...
Unpacking libpulse0:amd64 (1:17.0+dfsg1-2ubuntu4) ...
Selecting previously unselected package libxv1:amd64.
Preparing to unpack .../145-libxv1_2%3a1.0.13-1_amd64.deb ...
Unpacking libxv1:amd64 (2:1.0.13-1) ...
Selecting previously unselected package libavdevice62:amd64.
Preparing to unpack .../146-libavdevice62_7%3a8.0.1-3ubuntu2_amd64.deb ...
Unpacking libavdevice62:amd64 (7:8.0.1-3ubuntu2) ...
Selecting previously unselected package libdecor-0-0:amd64.
Preparing to unpack .../147-libdecor-0-0_0.2.5-1_amd64.deb ...
Unpacking libdecor-0-0:amd64 (0.2.5-1) ...
Selecting previously unselected package libwayland-cursor0:amd64.
Preparing to unpack .../148-libwayland-cursor0_1.24.0-2_amd64.deb ...
Unpacking libwayland-cursor0:amd64 (1.24.0-2) ...
Selecting previously unselected package libwayland-egl1:amd64.
Preparing to unpack .../149-libwayland-egl1_1.24.0-2_amd64.deb ...
Unpacking libwayland-egl1:amd64 (1.24.0-2) ...
Selecting previously unselected package libxcursor1:amd64.
Preparing to unpack .../150-libxcursor1_1%3a1.2.3-1build1_amd64.deb ...
Unpacking libxcursor1:amd64 (1:1.2.3-1build1) ...
Selecting previously unselected package libxi6:amd64.
Preparing to unpack .../151-libxi6_2%3a1.8.2-2_amd64.deb ...
Unpacking libxi6:amd64 (2:1.8.2-2) ...
Selecting previously unselected package libxrandr2:amd64.
Preparing to unpack .../152-libxrandr2_2%3a1.5.4-1build1_amd64.deb ...
Unpacking libxrandr2:amd64 (2:1.5.4-1build1) ...
Selecting previously unselected package libxss1:amd64.
Preparing to unpack .../153-libxss1_1%3a1.2.3-1build4_amd64.deb ...
Unpacking libxss1:amd64 (1:1.2.3-1build4) ...
Selecting previously unselected package libsdl2-classic:amd64.
Preparing to unpack .../154-libsdl2-classic_2.32.10+dfsg-6_amd64.deb ...
Unpacking libsdl2-classic:amd64 (2.32.10+dfsg-6) ...
Selecting previously unselected package libsdl2-2.0-0:amd64.
Preparing to unpack .../155-libsdl2-2.0-0_2.32.10+dfsg-6_amd64.deb ...
Unpacking libsdl2-2.0-0:amd64 (2.32.10+dfsg-6) ...
Selecting previously unselected package ffmpeg.
Preparing to unpack .../156-ffmpeg_7%3a8.0.1-3ubuntu2_amd64.deb ...
Unpacking ffmpeg (7:8.0.1-3ubuntu2) ...
Selecting previously unselected package glib-networking-common.
Preparing to unpack .../157-glib-networking-common_2.80.1-1build2_all.deb ...
Unpacking glib-networking-common (2.80.1-1build2) ...
Selecting previously unselected package glib-networking-services.
Preparing to unpack .../158-glib-networking-services_2.80.1-1build2_amd64.deb ...
Unpacking glib-networking-services (2.80.1-1build2) ...
Selecting previously unselected package user-session-migration.
Preparing to unpack .../159-user-session-migration_0.5.1_amd64.deb ...
Unpacking user-session-migration (0.5.1) ...
Selecting previously unselected package gsettings-desktop-schemas.
Preparing to unpack .../160-gsettings-desktop-schemas_50.0-1ubuntu2_all.deb ...
Unpacking gsettings-desktop-schemas (50.0-1ubuntu2) ...
Selecting previously unselected package glib-networking:amd64.
Preparing to unpack .../161-glib-networking_2.80.1-1build2_amd64.deb ...
Unpacking glib-networking:amd64 (2.80.1-1build2) ...
Selecting previously unselected package libavahi-common-data:amd64.
Preparing to unpack .../162-libavahi-common-data_0.8-18ubuntu1.1_amd64.deb ...
Unpacking libavahi-common-data:amd64 (0.8-18ubuntu1.1) ...
Selecting previously unselected package libavahi-common3:amd64.
Preparing to unpack .../163-libavahi-common3_0.8-18ubuntu1.1_amd64.deb ...
Unpacking libavahi-common3:amd64 (0.8-18ubuntu1.1) ...
Selecting previously unselected package libavahi-client3:amd64.
Preparing to unpack .../164-libavahi-client3_0.8-18ubuntu1.1_amd64.deb ...
Unpacking libavahi-client3:amd64 (0.8-18ubuntu1.1) ...
Selecting previously unselected package libcups2t64:amd64.
Preparing to unpack .../165-libcups2t64_2.4.16-1ubuntu1.3_amd64.deb ...
Unpacking libcups2t64:amd64 (2.4.16-1ubuntu1.3) ...
Selecting previously unselected package libgl1:amd64.
Preparing to unpack .../166-libgl1_1.7.0-3_amd64.deb ...
Unpacking libgl1:amd64 (1.7.0-3) ...
Selecting previously unselected package xorg-sgml-doctools.
Preparing to unpack .../167-xorg-sgml-doctools_1%3a1.11-1.1build1_all.deb ...
Unpacking xorg-sgml-doctools (1:1.11-1.1build1) ...
Selecting previously unselected package x11proto-dev.
Preparing to unpack .../168-x11proto-dev_2025.1-1_all.deb ...
Unpacking x11proto-dev (2025.1-1) ...
Selecting previously unselected package libxau-dev:amd64.
Preparing to unpack .../169-libxau-dev_1%3a1.0.11-1build2_amd64.deb ...
Unpacking libxau-dev:amd64 (1:1.0.11-1build2) ...
Selecting previously unselected package libxdmcp-dev:amd64.
Preparing to unpack .../170-libxdmcp-dev_1%3a1.1.5-2_amd64.deb ...
Unpacking libxdmcp-dev:amd64 (1:1.1.5-2) ...
Selecting previously unselected package xtrans-dev.
Preparing to unpack .../171-xtrans-dev_1.6.0-1build1_all.deb ...
Unpacking xtrans-dev (1.6.0-1build1) ...
Selecting previously unselected package libxcb1-dev:amd64.
Preparing to unpack .../172-libxcb1-dev_1.17.0-2ubuntu1_amd64.deb ...
Unpacking libxcb1-dev:amd64 (1.17.0-2ubuntu1) ...
Selecting previously unselected package libx11-dev:amd64.
Preparing to unpack .../173-libx11-dev_2%3a1.8.13-1_amd64.deb ...
Unpacking libx11-dev:amd64 (2:1.8.13-1) ...
Selecting previously unselected package libglx-dev:amd64.
Preparing to unpack .../174-libglx-dev_1.7.0-3_amd64.deb ...
Unpacking libglx-dev:amd64 (1.7.0-3) ...
Selecting previously unselected package libgl-dev:amd64.
Preparing to unpack .../175-libgl-dev_1.7.0-3_amd64.deb ...
Unpacking libgl-dev:amd64 (1.7.0-3) ...
Selecting previously unselected package libjson-glib-1.0-common.
Preparing to unpack .../176-libjson-glib-1.0-common_1.10.8+ds-2_all.deb ...
Unpacking libjson-glib-1.0-common (1.10.8+ds-2) ...
Selecting previously unselected package libjson-glib-1.0-0:amd64.
Preparing to unpack .../177-libjson-glib-1.0-0_1.10.8+ds-2_amd64.deb ...
Unpacking libjson-glib-1.0-0:amd64 (1.10.8+ds-2) ...
Selecting previously unselected package libkf6coreaddons-data.
Preparing to unpack .../178-libkf6coreaddons-data_6.24.0-0ubuntu1.1_all.deb ...
Unpacking libkf6coreaddons-data (6.24.0-0ubuntu1.1) ...
Selecting previously unselected package libkf6coreaddons6:amd64.
Preparing to unpack .../179-libkf6coreaddons6_6.24.0-0ubuntu1.1_amd64.deb ...
Unpacking libkf6coreaddons6:amd64 (6.24.0-0ubuntu1.1) ...
Selecting previously unselected package libkpipewiredmabuf6:amd64.
Preparing to unpack .../180-libkpipewiredmabuf6_6.6.4-0ubuntu1_amd64.deb ...
Unpacking libkpipewiredmabuf6:amd64 (6.6.4-0ubuntu1) ...
Selecting previously unselected package libkpipewirerecord6:amd64.
Preparing to unpack .../181-libkpipewirerecord6_6.6.4-0ubuntu1_amd64.deb ...
Unpacking libkpipewirerecord6:amd64 (6.6.4-0ubuntu1) ...
Selecting previously unselected package libspa-0.2-dev:amd64.
Preparing to unpack .../182-libspa-0.2-dev_1.6.2-1ubuntu1.2_amd64.deb ...
Unpacking libspa-0.2-dev:amd64 (1.6.2-1ubuntu1.2) ...
Selecting previously unselected package libpipewire-0.3-dev:amd64.
Preparing to unpack .../183-libpipewire-0.3-dev_1.6.2-1ubuntu1.2_amd64.deb ...
Unpacking libpipewire-0.3-dev:amd64 (1.6.2-1ubuntu1.2) ...
Selecting previously unselected package qml6-module-qtqml-models:amd64.
Preparing to unpack .../184-qml6-module-qtqml-models_6.10.2+dfsg-3_amd64.deb ...
Unpacking qml6-module-qtqml-models:amd64 (6.10.2+dfsg-3) ...
Selecting previously unselected package qml6-module-qtqml-workerscript:amd64.
Preparing to unpack .../185-qml6-module-qtqml-workerscript_6.10.2+dfsg-3_amd64.deb ...
Unpacking qml6-module-qtqml-workerscript:amd64 (6.10.2+dfsg-3) ...
Selecting previously unselected package qml6-module-qtqml:amd64.
Preparing to unpack .../186-qml6-module-qtqml_6.10.2+dfsg-3_amd64.deb ...
Unpacking qml6-module-qtqml:amd64 (6.10.2+dfsg-3) ...
Selecting previously unselected package qml6-module-qtcore:amd64.
Preparing to unpack .../187-qml6-module-qtcore_6.10.2+dfsg-3_amd64.deb ...
Unpacking qml6-module-qtcore:amd64 (6.10.2+dfsg-3) ...
Selecting previously unselected package qml6-module-qtquick:amd64.
Preparing to unpack .../188-qml6-module-qtquick_6.10.2+dfsg-3_amd64.deb ...
Unpacking qml6-module-qtquick:amd64 (6.10.2+dfsg-3) ...
Selecting previously unselected package qml6-module-org-kde-pipewire:amd64.
Preparing to unpack .../189-qml6-module-org-kde-pipewire_6.6.4-0ubuntu1_amd64.deb ...
Unpacking qml6-module-org-kde-pipewire:amd64 (6.6.4-0ubuntu1) ...
Selecting previously unselected package libopengl-dev:amd64.
Preparing to unpack .../190-libopengl-dev_1.7.0-3_amd64.deb ...
Unpacking libopengl-dev:amd64 (1.7.0-3) ...
Selecting previously unselected package libqt6concurrent6:amd64.
Preparing to unpack .../191-libqt6concurrent6_6.10.2+dfsg-7_amd64.deb ...
Unpacking libqt6concurrent6:amd64 (6.10.2+dfsg-7) ...
Selecting previously unselected package libqt6widgets6:amd64.
Preparing to unpack .../192-libqt6widgets6_6.10.2+dfsg-7_amd64.deb ...
Unpacking libqt6widgets6:amd64 (6.10.2+dfsg-7) ...
Selecting previously unselected package libqt6openglwidgets6:amd64.
Preparing to unpack .../193-libqt6openglwidgets6_6.10.2+dfsg-7_amd64.deb ...
Unpacking libqt6openglwidgets6:amd64 (6.10.2+dfsg-7) ...
Selecting previously unselected package libqt6printsupport6:amd64.
Preparing to unpack .../194-libqt6printsupport6_6.10.2+dfsg-7_amd64.deb ...
Unpacking libqt6printsupport6:amd64 (6.10.2+dfsg-7) ...
Selecting previously unselected package libqt6sql6:amd64.
Preparing to unpack .../195-libqt6sql6_6.10.2+dfsg-7_amd64.deb ...
Unpacking libqt6sql6:amd64 (6.10.2+dfsg-7) ...
Selecting previously unselected package libqt6test6:amd64.
Preparing to unpack .../196-libqt6test6_6.10.2+dfsg-7_amd64.deb ...
Unpacking libqt6test6:amd64 (6.10.2+dfsg-7) ...
Selecting previously unselected package libqt6waylandclient6:amd64.
Preparing to unpack .../197-libqt6waylandclient6_6.10.2+dfsg-7_amd64.deb ...
Unpacking libqt6waylandclient6:amd64 (6.10.2+dfsg-7) ...
Selecting previously unselected package libqt6wlshellintegration6:amd64.
Preparing to unpack .../198-libqt6wlshellintegration6_6.10.2+dfsg-7_amd64.deb ...
Unpacking libqt6wlshellintegration6:amd64 (6.10.2+dfsg-7) ...
Selecting previously unselected package libqt6xml6:amd64.
Preparing to unpack .../199-libqt6xml6_6.10.2+dfsg-7_amd64.deb ...
Unpacking libqt6xml6:amd64 (6.10.2+dfsg-7) ...
Selecting previously unselected package libvulkan-dev:amd64.
Preparing to unpack .../200-libvulkan-dev_1.4.341.0-1_amd64.deb ...
Unpacking libvulkan-dev:amd64 (1.4.341.0-1) ...
Selecting previously unselected package qmake6-bin.
Preparing to unpack .../201-qmake6-bin_6.10.2+dfsg-7_amd64.deb ...
Unpacking qmake6-bin (6.10.2+dfsg-7) ...
Selecting previously unselected package qmake6:amd64.
Preparing to unpack .../202-qmake6_6.10.2+dfsg-7_amd64.deb ...
Unpacking qmake6:amd64 (6.10.2+dfsg-7) ...
Selecting previously unselected package qt6-base-dev-tools.
Preparing to unpack .../203-qt6-base-dev-tools_6.10.2+dfsg-7_amd64.deb ...
Unpacking qt6-base-dev-tools (6.10.2+dfsg-7) ...
Selecting previously unselected package qt6-qpa-plugins:amd64.
Preparing to unpack .../204-qt6-qpa-plugins_6.10.2+dfsg-7_amd64.deb ...
Unpacking qt6-qpa-plugins:amd64 (6.10.2+dfsg-7) ...
Selecting previously unselected package qt6-base-dev:amd64.
Preparing to unpack .../205-qt6-base-dev_6.10.2+dfsg-7_amd64.deb ...
Unpacking qt6-base-dev:amd64 (6.10.2+dfsg-7) ...
Selecting previously unselected package libkpipewire-dev:amd64.
Preparing to unpack .../206-libkpipewire-dev_6.6.4-0ubuntu1_amd64.deb ...
Unpacking libkpipewire-dev:amd64 (6.6.4-0ubuntu1) ...
Selecting previously unselected package libspeexdsp1:amd64.
Preparing to unpack .../207-libspeexdsp1_1.2.1-3build1_amd64.deb ...
Unpacking libspeexdsp1:amd64 (1.2.1-3build1) ...
Selecting previously unselected package libroc0.4:amd64.
Preparing to unpack .../208-libroc0.4_0.4.0+dfsg-5ubuntu3.1_amd64.deb ...
Unpacking libroc0.4:amd64 (0.4.0+dfsg-5ubuntu3.1) ...
Selecting previously unselected package libsoup-3.0-common.
Preparing to unpack .../209-libsoup-3.0-common_3.6.6-1ubuntu0.1_all.deb ...
Unpacking libsoup-3.0-common (3.6.6-1ubuntu0.1) ...
Selecting previously unselected package libsoup-3.0-0:amd64.
Preparing to unpack .../210-libsoup-3.0-0_3.6.6-1ubuntu0.1_amd64.deb ...
Unpacking libsoup-3.0-0:amd64 (3.6.6-1ubuntu0.1) ...
Selecting previously unselected package libsnapd-glib-2-1:amd64.
Preparing to unpack .../211-libsnapd-glib-2-1_1.72-0ubuntu3_amd64.deb ...
Unpacking libsnapd-glib-2-1:amd64 (1.72-0ubuntu3) ...
Selecting previously unselected package libpipewire-0.3-modules:amd64.
Preparing to unpack .../212-libpipewire-0.3-modules_1.6.2-1ubuntu1.2_amd64.deb ...
Unpacking libpipewire-0.3-modules:amd64 (1.6.2-1ubuntu1.2) ...
Selecting previously unselected package libpkgconf7:amd64.
Preparing to unpack .../213-libpkgconf7_2.5.1-4_amd64.deb ...
Unpacking libpkgconf7:amd64 (2.5.1-4) ...
Selecting previously unselected package libqt6quicktemplates2-6:amd64.
Preparing to unpack .../214-libqt6quicktemplates2-6_6.10.2+dfsg-3_amd64.deb ...
Unpacking libqt6quicktemplates2-6:amd64 (6.10.2+dfsg-3) ...
Selecting previously unselected package libqt6labsplatform6:amd64.
Preparing to unpack .../215-libqt6labsplatform6_6.10.2+dfsg-3_amd64.deb ...
Unpacking libqt6labsplatform6:amd64 (6.10.2+dfsg-3) ...
Selecting previously unselected package libqt6labssynchronizer6:amd64.
Preparing to unpack .../216-libqt6labssynchronizer6_6.10.2+dfsg-3_amd64.deb ...
Unpacking libqt6labssynchronizer6:amd64 (6.10.2+dfsg-3) ...
Selecting previously unselected package libqt6qmlcompiler6:amd64.
Preparing to unpack .../217-libqt6qmlcompiler6_6.10.2+dfsg-3_amd64.deb ...
Unpacking libqt6qmlcompiler6:amd64 (6.10.2+dfsg-3) ...
Selecting previously unselected package libqt6qmlnetwork6:amd64.
Preparing to unpack .../218-libqt6qmlnetwork6_6.10.2+dfsg-3_amd64.deb ...
Unpacking libqt6qmlnetwork6:amd64 (6.10.2+dfsg-3) ...
Selecting previously unselected package libqt6quickcontrols2-6:amd64.
Preparing to unpack .../219-libqt6quickcontrols2-6_6.10.2+dfsg-3_amd64.deb ...
Unpacking libqt6quickcontrols2-6:amd64 (6.10.2+dfsg-3) ...
Selecting previously unselected package libqt6quickshapes6:amd64.
Preparing to unpack .../220-libqt6quickshapes6_6.10.2+dfsg-3_amd64.deb ...
Unpacking libqt6quickshapes6:amd64 (6.10.2+dfsg-3) ...
Selecting previously unselected package libqt6quickshapesdesignhelpers6:amd64.
Preparing to unpack .../221-libqt6quickshapesdesignhelpers6_6.10.2+dfsg-3_amd64.deb ...
Unpacking libqt6quickshapesdesignhelpers6:amd64 (6.10.2+dfsg-3) ...
Selecting previously unselected package libqt6quicktest6:amd64.
Preparing to unpack .../222-libqt6quicktest6_6.10.2+dfsg-3_amd64.deb ...
Unpacking libqt6quicktest6:amd64 (6.10.2+dfsg-3) ...
Selecting previously unselected package libqt6svg6:amd64.
Preparing to unpack .../223-libqt6svg6_6.10.2-2_amd64.deb ...
Unpacking libqt6svg6:amd64 (6.10.2-2) ...
Selecting previously unselected package libqt6quickvectorimagegenerator6:amd64.
Preparing to unpack .../224-libqt6quickvectorimagegenerator6_6.10.2+dfsg-3_amd64.deb ...
Unpacking libqt6quickvectorimagegenerator6:amd64 (6.10.2+dfsg-3) ...
Selecting previously unselected package libqt6quickvectorimage6:amd64.
Preparing to unpack .../225-libqt6quickvectorimage6_6.10.2+dfsg-3_amd64.deb ...
Unpacking libqt6quickvectorimage6:amd64 (6.10.2+dfsg-3) ...
Selecting previously unselected package libqt6quickvectorimagehelpers6:amd64.
Preparing to unpack .../226-libqt6quickvectorimagehelpers6_6.10.2+dfsg-3_amd64.deb ...
Unpacking libqt6quickvectorimagehelpers6:amd64 (6.10.2+dfsg-3) ...
Selecting previously unselected package libqt6quickwidgets6:amd64.
Preparing to unpack .../227-libqt6quickwidgets6_6.10.2+dfsg-3_amd64.deb ...
Unpacking libqt6quickwidgets6:amd64 (6.10.2+dfsg-3) ...
Selecting previously unselected package libqt6svgwidgets6:amd64.
Preparing to unpack .../228-libqt6svgwidgets6_6.10.2-2_amd64.deb ...
Unpacking libqt6svgwidgets6:amd64 (6.10.2-2) ...
Selecting previously unselected package pipewire-bin.
Preparing to unpack .../229-pipewire-bin_1.6.2-1ubuntu1.2_amd64.deb ...
Unpacking pipewire-bin (1.6.2-1ubuntu1.2) ...
Selecting previously unselected package pkgconf-bin.
Preparing to unpack .../230-pkgconf-bin_2.5.1-4_amd64.deb ...
Unpacking pkgconf-bin (2.5.1-4) ...
Selecting previously unselected package pkgconf:amd64.
Preparing to unpack .../231-pkgconf_2.5.1-4_amd64.deb ...
Unpacking pkgconf:amd64 (2.5.1-4) ...
Selecting previously unselected package qml6-module-qml:amd64.
Preparing to unpack .../232-qml6-module-qml_6.10.2+dfsg-3_amd64.deb ...
Unpacking qml6-module-qml:amd64 (6.10.2+dfsg-3) ...
Selecting previously unselected package qml6-module-qmltime:amd64.
Preparing to unpack .../233-qml6-module-qmltime_6.10.2+dfsg-3_amd64.deb ...
Unpacking qml6-module-qmltime:amd64 (6.10.2+dfsg-3) ...
Selecting previously unselected package qml6-module-qt-labs-animation:amd64.
Preparing to unpack .../234-qml6-module-qt-labs-animation_6.10.2+dfsg-3_amd64.deb ...
Unpacking qml6-module-qt-labs-animation:amd64 (6.10.2+dfsg-3) ...
Selecting previously unselected package qml6-module-qt-labs-assetdownloader:amd64.
Preparing to unpack .../235-qml6-module-qt-labs-assetdownloader_6.10.2+dfsg-3_amd64.deb ...
Unpacking qml6-module-qt-labs-assetdownloader:amd64 (6.10.2+dfsg-3) ...
Selecting previously unselected package qml6-module-qt-labs-folderlistmodel:amd64.
Preparing to unpack .../236-qml6-module-qt-labs-folderlistmodel_6.10.2+dfsg-3_amd64.deb ...
Unpacking qml6-module-qt-labs-folderlistmodel:amd64 (6.10.2+dfsg-3) ...
Selecting previously unselected package qml6-module-qtquick-templates:amd64.
Preparing to unpack .../237-qml6-module-qtquick-templates_6.10.2+dfsg-3_amd64.deb ...
Unpacking qml6-module-qtquick-templates:amd64 (6.10.2+dfsg-3) ...
Selecting previously unselected package qml6-module-qt-labs-platform:amd64.
Preparing to unpack .../238-qml6-module-qt-labs-platform_6.10.2+dfsg-3_amd64.deb ...
Unpacking qml6-module-qt-labs-platform:amd64 (6.10.2+dfsg-3) ...
Selecting previously unselected package qml6-module-qt-labs-qmlmodels:amd64.
Preparing to unpack .../239-qml6-module-qt-labs-qmlmodels_6.10.2+dfsg-3_amd64.deb ...
Unpacking qml6-module-qt-labs-qmlmodels:amd64 (6.10.2+dfsg-3) ...
Selecting previously unselected package qml6-module-qt-labs-settings:amd64.
Preparing to unpack .../240-qml6-module-qt-labs-settings_6.10.2+dfsg-3_amd64.deb ...
Unpacking qml6-module-qt-labs-settings:amd64 (6.10.2+dfsg-3) ...
Selecting previously unselected package qml6-module-qt-labs-sharedimage:amd64.
Preparing to unpack .../241-qml6-module-qt-labs-sharedimage_6.10.2+dfsg-3_amd64.deb ...
Unpacking qml6-module-qt-labs-sharedimage:amd64 (6.10.2+dfsg-3) ...
Selecting previously unselected package qml6-module-qt-labs-synchronizer:amd64.
Preparing to unpack .../242-qml6-module-qt-labs-synchronizer_6.10.2+dfsg-3_amd64.deb ...
Unpacking qml6-module-qt-labs-synchronizer:amd64 (6.10.2+dfsg-3) ...
Selecting previously unselected package qml6-module-qt-labs-wavefrontmesh:amd64.
Preparing to unpack .../243-qml6-module-qt-labs-wavefrontmesh_6.10.2+dfsg-3_amd64.deb ...
Unpacking qml6-module-qt-labs-wavefrontmesh:amd64 (6.10.2+dfsg-3) ...
Selecting previously unselected package qml6-module-qtnetwork:amd64.
Preparing to unpack .../244-qml6-module-qtnetwork_6.10.2+dfsg-3_amd64.deb ...
Unpacking qml6-module-qtnetwork:amd64 (6.10.2+dfsg-3) ...
Selecting previously unselected package qml6-module-qtqml-xmllistmodel:amd64.
Preparing to unpack .../245-qml6-module-qtqml-xmllistmodel_6.10.2+dfsg-3_amd64.deb ...
Unpacking qml6-module-qtqml-xmllistmodel:amd64 (6.10.2+dfsg-3) ...
Selecting previously unselected package qml6-module-qtquick-shapes:amd64.
Preparing to unpack .../246-qml6-module-qtquick-shapes_6.10.2+dfsg-3_amd64.deb ...
Unpacking qml6-module-qtquick-shapes:amd64 (6.10.2+dfsg-3) ...
Selecting previously unselected package qml6-module-qtquick-window:amd64.
Preparing to unpack .../247-qml6-module-qtquick-window_6.10.2+dfsg-3_amd64.deb ...
Unpacking qml6-module-qtquick-window:amd64 (6.10.2+dfsg-3) ...
Selecting previously unselected package qml6-module-qtquick-controls:amd64.
Preparing to unpack .../248-qml6-module-qtquick-controls_6.10.2+dfsg-3_amd64.deb ...
Unpacking qml6-module-qtquick-controls:amd64 (6.10.2+dfsg-3) ...
Selecting previously unselected package qml6-module-qtquick-layouts:amd64.
Preparing to unpack .../249-qml6-module-qtquick-layouts_6.10.2+dfsg-3_amd64.deb ...
Unpacking qml6-module-qtquick-layouts:amd64 (6.10.2+dfsg-3) ...
Selecting previously unselected package qml6-module-qtquick-dialogs:amd64.
Preparing to unpack .../250-qml6-module-qtquick-dialogs_6.10.2+dfsg-3_amd64.deb ...
Unpacking qml6-module-qtquick-dialogs:amd64 (6.10.2+dfsg-3) ...
Selecting previously unselected package qml6-module-qtquick-effects:amd64.
Preparing to unpack .../251-qml6-module-qtquick-effects_6.10.2+dfsg-3_amd64.deb ...
Unpacking qml6-module-qtquick-effects:amd64 (6.10.2+dfsg-3) ...
Selecting previously unselected package qml6-module-qtquick-localstorage:amd64.
Preparing to unpack .../252-qml6-module-qtquick-localstorage_6.10.2+dfsg-3_amd64.deb ...
Unpacking qml6-module-qtquick-localstorage:amd64 (6.10.2+dfsg-3) ...
Selecting previously unselected package qml6-module-qtquick-particles:amd64.
Preparing to unpack .../253-qml6-module-qtquick-particles_6.10.2+dfsg-3_amd64.deb ...
Unpacking qml6-module-qtquick-particles:amd64 (6.10.2+dfsg-3) ...
Selecting previously unselected package qml6-module-qtquick-shapes-designhelpers:amd64.
Preparing to unpack .../254-qml6-module-qtquick-shapes-designhelpers_6.10.2+dfsg-3_amd64.deb ...
Unpacking qml6-module-qtquick-shapes-designhelpers:amd64 (6.10.2+dfsg-3) ...
Selecting previously unselected package qml6-module-qtquick-tooling:amd64.
Preparing to unpack .../255-qml6-module-qtquick-tooling_6.10.2+dfsg-3_amd64.deb ...
Unpacking qml6-module-qtquick-tooling:amd64 (6.10.2+dfsg-3) ...
Selecting previously unselected package qml6-module-qtquick-vectorimage-helpers:amd64.
Preparing to unpack .../256-qml6-module-qtquick-vectorimage-helpers_6.10.2+dfsg-3_amd64.deb ...
Unpacking qml6-module-qtquick-vectorimage-helpers:amd64 (6.10.2+dfsg-3) ...
Selecting previously unselected package qml6-module-qtquick-vectorimage:amd64.
Preparing to unpack .../257-qml6-module-qtquick-vectorimage_6.10.2+dfsg-3_amd64.deb ...
Unpacking qml6-module-qtquick-vectorimage:amd64 (6.10.2+dfsg-3) ...
Selecting previously unselected package qml6-module-qttest:amd64.
Preparing to unpack .../258-qml6-module-qttest_6.10.2+dfsg-3_amd64.deb ...
Unpacking qml6-module-qttest:amd64 (6.10.2+dfsg-3) ...
Selecting previously unselected package qt6-declarative-dev-tools.
Preparing to unpack .../259-qt6-declarative-dev-tools_6.10.2+dfsg-3_amd64.deb ...
Unpacking qt6-declarative-dev-tools (6.10.2+dfsg-3) ...
Selecting previously unselected package qt6-qmllint-plugins:amd64.
Preparing to unpack .../260-qt6-qmllint-plugins_6.10.2+dfsg-3_amd64.deb ...
Unpacking qt6-qmllint-plugins:amd64 (6.10.2+dfsg-3) ...
Selecting previously unselected package qt6-qmlls-plugins:amd64.
Preparing to unpack .../261-qt6-qmlls-plugins_6.10.2+dfsg-3_amd64.deb ...
Unpacking qt6-qmlls-plugins:amd64 (6.10.2+dfsg-3) ...
Selecting previously unselected package qt6-qmltooling-plugins:amd64.
Preparing to unpack .../262-qt6-qmltooling-plugins_6.10.2+dfsg-3_amd64.deb ...
Unpacking qt6-qmltooling-plugins:amd64 (6.10.2+dfsg-3) ...
Selecting previously unselected package qt6-svg-dev:amd64.
Preparing to unpack .../263-qt6-svg-dev_6.10.2-2_amd64.deb ...
Unpacking qt6-svg-dev:amd64 (6.10.2-2) ...
Selecting previously unselected package qt6-declarative-dev:amd64.
Preparing to unpack .../264-qt6-declarative-dev_6.10.2+dfsg-3_amd64.deb ...
Unpacking qt6-declarative-dev:amd64 (6.10.2+dfsg-3) ...
Setting up libgme0:amd64 (0.6.4-1) ...
Setting up libchromaprint1:amd64 (1.6.0-2build1) ...
Setting up libqt6concurrent6:amd64 (6.10.2+dfsg-7) ...
Setting up libhwy1t64:amd64 (1.3.0-2) ...
Setting up bubblewrap (0.11.1-1ubuntu0.3) ...
Setting up libkpipewiredmabuf6:amd64 (6.6.4-0ubuntu1) ...
Setting up liblcms2-2:amd64 (2.17-1ubuntu0.2) ...
Setting up libpixman-1-0:amd64 (0.46.4-1) ...
Setting up libdvdread8t64:amd64 (7.0.1-1) ...
Setting up libnorm1t64:amd64 (1.5.9+dfsg-4) ...
Setting up libsharpyuv0:amd64 (1.5.0-0.1build1) ...
Setting up libaom3:amd64 (3.13.1-2ubuntu0.1) ...
Setting up librabbitmq4:amd64 (0.15.0-1ubuntu0.26.04.2) ...
Setting up libraw1394-11:amd64 (2.1.2-2build4) ...
Setting up libvulkan-dev:amd64 (1.4.341.0-1) ...
Setting up libqt6labssynchronizer6:amd64 (6.10.2+dfsg-3) ...
Setting up libqt6test6:amd64 (6.10.2+dfsg-7) ...
Setting up libsodium23:amd64 (1.0.18-2) ...
Setting up libudfread3:amd64 (1.2.0-2) ...
Setting up libspeex1:amd64 (1.2.1-3build1) ...
Setting up libshine3:amd64 (3.1.1-3build1) ...
Setting up user-session-migration (0.5.1) ...
Created symlink '/etc/systemd/user/graphical-session-pre.target.wants/user-session-migration.service' → '/usr/lib/systemd/user/user-session-migration.service'.

Setting up libvpl2 (1:2.16.0-1) ...
Setting up qt6-base-dev-tools (6.10.2+dfsg-7) ...
Setting up qt6-qpa-plugins:amd64 (6.10.2+dfsg-7) ...
Setting up libxi6:amd64 (2:1.8.2-2) ...
Setting up libtwolame0:amd64 (0.4.0-2build4) ...
Setting up libxrender1:amd64 (1:0.9.12-1build1) ...
Setting up libdatrie1:amd64 (0.2.14-1) ...
Setting up libgsm1:amd64 (1.0.23-2) ...
Setting up libsoxr0:amd64 (0.1.3-4.1) ...
Setting up libzix-0-0:amd64 (0.8.0-1) ...
Setting up qml6-module-qml:amd64 (6.10.2+dfsg-3) ...
Setting up libx264-165:amd64 (2:0.165.3222+gitb35605ac-3build1) ...
Setting up libcodec2-1.2:amd64 (1.2.0-4) ...
Setting up libpkgconf7:amd64 (2.5.1-4) ...
Setting up qml6-module-qt-labs-assetdownloader:amd64 (6.10.2+dfsg-3) ...
Setting up libgdk-pixbuf2.0-common (2.44.5+dfsg-4ubuntu1) ...
Setting up libuv1t64:amd64 (1.51.0-2ubuntu1) ...
Setting up libmysofa1:amd64 (1.3.3+dfsg-1ubuntu2) ...
Setting up libqt6quickvectorimagehelpers6:amd64 (6.10.2+dfsg-3) ...
Setting up libcdio19t64:amd64 (2.2.0-4build1) ...
Setting up qml6-module-qtqml-models:amd64 (6.10.2+dfsg-3) ...
Setting up linux-libc-dev:amd64 (7.0.0-38.38) ...
Setting up libkf6coreaddons-data (6.24.0-0ubuntu1.1) ...
Setting up qml6-module-qt-labs-qmlmodels:amd64 (6.10.2+dfsg-3) ...
Setting up libqt6quicktemplates2-6:amd64 (6.10.2+dfsg-3) ...
Setting up libsoup-3.0-common (3.6.6-1ubuntu0.1) ...
Setting up libcjson1:amd64 (1.7.19-2) ...
Setting up libxvidcore4:amd64 (2:1.3.7-3) ...
Setting up libcairo2:amd64 (1.18.4-3) ...
Setting up qml6-module-qt-labs-settings:amd64 (6.10.2+dfsg-3) ...
Setting up qml6-module-qtqml-workerscript:amd64 (6.10.2+dfsg-3) ...
Setting up libtheoraenc2:amd64 (1.2.0+dfsg-6) ...
Setting up libqt6widgets6:amd64 (6.10.2+dfsg-7) ...
Setting up libsnappy1v5:amd64 (1.2.2-2) ...
Setting up libcdio-cdda2t64:amd64 (10.2+2.0.2-2) ...
Setting up libqt6labsplatform6:amd64 (6.10.2+dfsg-3) ...
Setting up librav1e0.8:amd64 (0.8.1-7) ...
Setting up libdconf1:amd64 (0.49.0-4) ...
Setting up libtheoradec2:amd64 (1.2.0+dfsg-6) ...
Setting up libvpx12:amd64 (1.16.0-3) ...
Setting up libqt6svg6:amd64 (6.10.2-2) ...
Setting up qml6-module-qtquick-tooling:amd64 (6.10.2+dfsg-3) ...
Setting up libvorbisfile3:amd64 (1.3.7-3build2) ...
Setting up libpgm-5.3-0t64:amd64 (5.3.128~dfsg-2.1build2) ...
Setting up xtrans-dev (1.6.0-1build1) ...
Setting up rpcsvc-proto (1.4.3-1build1) ...
Setting up libgl1:amd64 (1.7.0-3) ...
Setting up libqt6xml6:amd64 (6.10.2+dfsg-7) ...
Setting up libsvtav1enc2:amd64 (2.3.0+dfsg-1build1) ...
Setting up libqt6sql6:amd64 (6.10.2+dfsg-7) ...
Setting up libmpfr6:amd64 (4.2.2-3) ...
Setting up libqt6quicktest6:amd64 (6.10.2+dfsg-3) ...
Setting up libxfixes3:amd64 (1:6.0.0-2build2) ...
Setting up libqt6quickvectorimagegenerator6:amd64 (6.10.2+dfsg-3) ...
Setting up libjsoncpp26:amd64 (1.9.6-5) ...
Setting up libavahi-common-data:amd64 (0.8-18ubuntu1.1) ...
Setting up libfribidi0:amd64 (1.0.16-5) ...
Setting up libquadmath0:amd64 (16-20260322-1ubuntu1) ...
Setting up libcdio-paranoia2t64:amd64 (10.2+2.0.2-2) ...
Setting up libdc1394-25:amd64 (2.2.6-6) ...
Setting up libxv1:amd64 (2:1.0.13-1) ...
Setting up libmpc3:amd64 (1.3.1-3) ...
Setting up libxrandr2:amd64 (2:1.5.4-1build1) ...
Setting up qml6-module-qtqml:amd64 (6.10.2+dfsg-3) ...
Setting up pkgconf-bin (2.5.1-4) ...
Setting up libfftw3-double3:amd64 (3.3.10-2fakesync1build3) ...
Setting up libssh-4:amd64 (0.11.3-1ubuntu2.1) ...
Setting up libqt6svgwidgets6:amd64 (6.10.2-2) ...
Setting up libwebp7:amd64 (1.5.0-0.1build1) ...
Setting up libplacebo360:amd64 (7.360.0-3) ...
Setting up qmake6-bin (6.10.2+dfsg-7) ...
Setting up libubsan1:amd64 (16-20260322-1ubuntu1) ...
Setting up libnuma1:amd64 (2.0.19-1build1) ...
Setting up libvidstab1.1:amd64 (1.1.0-2.1) ...
Setting up libsrt1.5-gnutls:amd64 (1.5.4-3) ...
Setting up libflite1:amd64 (2.2-7build1) ...
Setting up libdav1d7:amd64 (1.5.3-1) ...
Setting up libqt6quickshapes6:amd64 (6.10.2+dfsg-3) ...
Setting up ocl-icd-libopencl1:amd64 (2.3.4-1) ...
Setting up libasyncns0:amd64 (0.8-7) ...
Setting up libhwasan0:amd64 (16-20260322-1ubuntu1) ...
Setting up libvdpau1:amd64 (1.5-4) ...
Setting up libcrypt-dev:amd64 (1:4.5.1-1) ...
Setting up libwayland-cursor0:amd64 (1.24.0-2) ...
Setting up libbs2b0:amd64 (3.1.0+dfsg-8build1) ...
Setting up libasan8:amd64 (16-20260322-1ubuntu1) ...
Setting up libspeexdsp1:amd64 (1.2.1-3build1) ...
Setting up libdecor-0-0:amd64 (0.2.5-1) ...
Setting up libzimg2:amd64 (3.0.6+ds1-1) ...
Setting up libopenjp2-7:amd64 (2.5.4-1ubuntu0.1) ...
Setting up libopenal-data (1:1.25.1-2) ...
Setting up libthai-data (0.1.30-1) ...
Setting up libqt6qmlnetwork6:amd64 (6.10.2+dfsg-3) ...
Setting up xorg-sgml-doctools (1:1.11-1.1build1) ...
Setting up libbluray3:amd64 (1:1.4.1-1) ...
Setting up libjson-glib-1.0-common (1.10.8+ds-2) ...
Setting up libcairo-gobject2:amd64 (1.18.4-3) ...
Setting up cmake-data (4.2.3-2ubuntu2) ...
Setting up librhash1:amd64 (1.4.6-1.1) ...
Setting up libunibreak6:amd64 (6.1-3build1) ...
Setting up libwayland-egl1:amd64 (1.24.0-2) ...
Setting up libxss1:amd64 (1:1.2.3-1build4) ...
Setting up libmbedcrypto16:amd64 (3.6.5-0.1ubuntu2) ...
Setting up libqt6qmlcompiler6:amd64 (6.10.2+dfsg-3) ...
Setting up libtsan2:amd64 (16-20260322-1ubuntu1) ...
Setting up libopengl-dev:amd64 (1.7.0-3) ...
Setting up glib-networking-common (2.80.1-1build2) ...
Setting up qt6-qmltooling-plugins:amd64 (6.10.2+dfsg-3) ...
Setting up libisl23:amd64 (0.27-1build1) ...
Setting up libspa-0.2-dev:amd64 (1.6.2-1ubuntu1.2) ...
Setting up qml6-module-qtcore:amd64 (6.10.2+dfsg-3) ...
Setting up libc-dev-bin (2.43-2ubuntu2.4) ...
Setting up libx265-215:amd64 (4.1-4) ...
Setting up gcc-15-base:amd64 (15.2.0-16ubuntu1) ...
Setting up libsamplerate0:amd64 (0.2.2-4build2) ...
Setting up libva-x11-2:amd64 (2.23.0-1ubuntu1) ...
Setting up libwebpmux3:amd64 (1.5.0-0.1build1) ...
Setting up libqt6openglwidgets6:amd64 (6.10.2+dfsg-7) ...
Setting up libarchive13t64:amd64 (3.8.5-1ubuntu2.2) ...
Setting up libjxl0.11:amd64 (0.11.1-6ubuntu4.2) ...
Setting up libopenmpt0t64:amd64 (0.8.4-1) ...
Setting up libcc1-0:amd64 (16-20260322-1ubuntu1) ...
Setting up libzvbi-common (0.2.44-1ubuntu2) ...
Setting up liblsan0:amd64 (16-20260322-1ubuntu1) ...
Setting up libitm1:amd64 (16-20260322-1ubuntu1) ...
Setting up libdvdnav4:amd64 (7.0.0-2) ...
Setting up libiec61883-0:amd64 (1.2.0-8) ...
Setting up qml6-module-qt-labs-folderlistmodel:amd64 (6.10.2+dfsg-3) ...
Setting up libserd-0-0:amd64 (0.32.6-1) ...
Setting up x11proto-dev (2025.1-1) ...
Setting up libavc1394-0:amd64 (0.5.4-5build4) ...
Setting up libroc0.4:amd64 (0.4.0+dfsg-5ubuntu3.1) ...
Setting up glib-networking-services (2.80.1-1build2) ...
Setting up qml6-module-qtquick:amd64 (6.10.2+dfsg-3) ...
Setting up libqt6quickvectorimage6:amd64 (6.10.2+dfsg-3) ...
Setting up qml6-module-qtquick-layouts:amd64 (6.10.2+dfsg-3) ...
Setting up libgcc-15-dev:amd64 (15.2.0-16ubuntu1) ...
Setting up libqt6quickcontrols2-6:amd64 (6.10.2+dfsg-3) ...
Setting up libzmq5:amd64 (4.3.5-1build3) ...
Setting up libxau-dev:amd64 (1:1.0.11-1build2) ...
Setting up libzvbi0t64:amd64 (0.2.44-1ubuntu2) ...
Setting up qml6-module-qt-labs-synchronizer:amd64 (6.10.2+dfsg-3) ...
Setting up libavutil60:amd64 (7:8.0.1-3ubuntu2) ...
Setting up libpulse0:amd64 (1:17.0+dfsg1-2ubuntu4) ...
Setting up libxcursor1:amd64 (1:1.2.3-1build1) ...
Setting up libavahi-common3:amd64 (0.8-18ubuntu1.1) ...
Setting up libkf6coreaddons6:amd64 (6.24.0-0ubuntu1.1) ...
Setting up qml6-module-qtquick-shapes:amd64 (6.10.2+dfsg-3) ...
Setting up dconf-service (0.49.0-4) ...
Setting up libopenal1:amd64 (1:1.25.1-2) ...
Setting up cpp-15-x86-64-linux-gnu (15.2.0-16ubuntu1) ...
Setting up qml6-module-qtquick-templates:amd64 (6.10.2+dfsg-3) ...
Setting up libqt6quickwidgets6:amd64 (6.10.2+dfsg-3) ...
Setting up qml6-module-qt-labs-animation:amd64 (6.10.2+dfsg-3) ...
Setting up pkgconf:amd64 (2.5.1-4) ...
Setting up libjson-glib-1.0-0:amd64 (1.10.8+ds-2) ...
Setting up qmake6:amd64 (6.10.2+dfsg-7) ...
Setting up librist4:amd64 (0.2.11+dfsg-1build1) ...
Setting up gcc-15-x86-64-linux-gnu (15.2.0-16ubuntu1) ...
Setting up libqt6quickshapesdesignhelpers6:amd64 (6.10.2+dfsg-3) ...
Setting up qml6-module-qtqml-xmllistmodel:amd64 (6.10.2+dfsg-3) ...
Setting up libthai0:amd64 (0.1.30-1) ...
Setting up qt6-declarative-dev-tools (6.10.2+dfsg-3) ...
Setting up libxdmcp-dev:amd64 (1:1.1.5-2) ...
Setting up libqt6waylandclient6:amd64 (6.10.2+dfsg-7) ...
Setting up libass9:amd64 (1:0.17.4-2) ...
Setting up qml6-module-qtnetwork:amd64 (6.10.2+dfsg-3) ...
Setting up qml6-module-qtquick-localstorage:amd64 (6.10.2+dfsg-3) ...
Setting up qt6-svg-dev:amd64 (6.10.2-2) ...
Setting up libswscale9:amd64 (7:8.0.1-3ubuntu2) ...
Setting up qml6-module-qtquick-shapes-designhelpers:amd64 (6.10.2+dfsg-3) ...
Setting up qml6-module-qtquick-particles:amd64 (6.10.2+dfsg-3) ...
Setting up qml6-module-qt-labs-sharedimage:amd64 (6.10.2+dfsg-3) ...
Setting up qml6-module-qtquick-effects:amd64 (6.10.2+dfsg-3) ...
Setting up librubberband3:amd64 (4.0.0+dfsg-2ubuntu1) ...
Setting up libswresample6:amd64 (7:8.0.1-3ubuntu2) ...
Setting up libjack-jackd2-0:amd64 (1.9.22~dfsg-5build1) ...
Setting up libpipewire-0.3-dev:amd64 (1.6.2-1ubuntu1.2) ...
Setting up cpp-15 (15.2.0-16ubuntu1) ...
Setting up libsord-0-0:amd64 (0.16.20-1) ...
Setting up qt6-qmlls-plugins:amd64 (6.10.2+dfsg-3) ...
Setting up libsratom-0-0:amd64 (0.6.20-1) ...
Setting up qml6-module-qtquick-vectorimage-helpers:amd64 (6.10.2+dfsg-3) ...
Setting up cmake (4.2.3-2ubuntu2) ...
Setting up libc6-dev:amd64 (2.43-2ubuntu2.4) ...
Setting up qml6-module-qtquick-window:amd64 (6.10.2+dfsg-3) ...
Setting up qml6-module-qmltime:amd64 (6.10.2+dfsg-3) ...
Setting up qt6-qmllint-plugins:amd64 (6.10.2+dfsg-3) ...
Setting up qml6-module-qtquick-controls:amd64 (6.10.2+dfsg-3) ...
Setting up liblilv-0-0:amd64 (0.26.2-1) ...
Setting up libavahi-client3:amd64 (0.8-18ubuntu1.1) ...
Setting up libqt6wlshellintegration6:amd64 (6.10.2+dfsg-7) ...
Setting up cpp-x86-64-linux-gnu (4:15.2.0-5ubuntu1) ...
Setting up qml6-module-qt-labs-wavefrontmesh:amd64 (6.10.2+dfsg-3) ...
Setting up qml6-module-qtquick-vectorimage:amd64 (6.10.2+dfsg-3) ...
Setting up libxcb1-dev:amd64 (1.17.0-2ubuntu1) ...
Setting up libsdl2-classic:amd64 (2.32.10+dfsg-6) ...
Setting up gcc-x86-64-linux-gnu (4:15.2.0-5ubuntu1) ...
Setting up dconf-gsettings-backend:amd64 (0.49.0-4) ...
Setting up qml6-module-qtquick-dialogs:amd64 (6.10.2+dfsg-3) ...
Setting up libpango-1.0-0:amd64 (1.57.0-1) ...
Setting up qml6-module-qt-labs-platform:amd64 (6.10.2+dfsg-3) ...
Setting up libx11-dev:amd64 (2:1.8.13-1) ...
Setting up qml6-module-qttest:amd64 (6.10.2+dfsg-3) ...
Setting up gcc-15 (15.2.0-16ubuntu1) ...
Setting up libstdc++-15-dev:amd64 (15.2.0-16ubuntu1) ...
Setting up cpp (4:15.2.0-5ubuntu1) ...
Setting up libglx-dev:amd64 (1.7.0-3) ...
Setting up libpangoft2-1.0-0:amd64 (1.57.0-1) ...
Setting up libsdl2-2.0-0:amd64 (2.32.10+dfsg-6) ...
Setting up libcups2t64:amd64 (2.4.16-1ubuntu1.3) ...
Setting up libgl-dev:amd64 (1.7.0-3) ...
Setting up libpangocairo-1.0-0:amd64 (1.57.0-1) ...
Setting up gsettings-desktop-schemas (50.0-1ubuntu2) ...
Setting up g++-15-x86-64-linux-gnu (15.2.0-16ubuntu1) ...
Setting up libqt6printsupport6:amd64 (6.10.2+dfsg-7) ...
Setting up gcc (4:15.2.0-5ubuntu1) ...
Setting up qt6-base-dev:amd64 (6.10.2+dfsg-7) ...
Setting up g++-x86-64-linux-gnu (4:15.2.0-5ubuntu1) ...
Setting up g++-15 (15.2.0-16ubuntu1) ...
Setting up qt6-declarative-dev:amd64 (6.10.2+dfsg-3) ...
Setting up g++ (4:15.2.0-5ubuntu1) ...
update-alternatives: using /usr/bin/g++ to provide /usr/bin/c++ (c++) in auto mode
Setting up build-essential (12.12ubuntu2.26.04.2) ...
Setting up libheif-plugin-aomdec:amd64 (1.21.2-3ubuntu0.6) ...
Setting up libheif1:amd64 (1.21.2-3ubuntu0.6) ...
Setting up glycin-loaders (2.1.5+ds-0ubuntu0.2) ...
Setting up libglycin-2-0:amd64 (2.1.5+ds-0ubuntu0.2) ...
Setting up glycin-thumbnailers (2.1.5+ds-0ubuntu0.2) ...
Setting up libgdk-pixbuf-2.0-0:amd64 (2.44.5+dfsg-4ubuntu1) ...
Setting up librsvg2-2:amd64 (2.61.3+dfsg-3ubuntu0.1) ...
Setting up libavcodec62:amd64 (7:8.0.1-3ubuntu2) ...
Setting up libavformat62:amd64 (7:8.0.1-3ubuntu2) ...
Setting up libavfilter11:amd64 (7:8.0.1-3ubuntu2) ...
Setting up libkpipewirerecord6:amd64 (6.6.4-0ubuntu1) ...
Setting up libavdevice62:amd64 (7:8.0.1-3ubuntu2) ...
Setting up ffmpeg (7:8.0.1-3ubuntu2) ...
Setting up qml6-module-org-kde-pipewire:amd64 (6.6.4-0ubuntu1) ...
Setting up libkpipewire-dev:amd64 (6.6.4-0ubuntu1) ...
Processing triggers for libc-bin (2.43-2ubuntu2.4) ...
Processing triggers for libglib2.0-0t64:amd64 (2.88.0-1ubuntu0.1) ...
Processing triggers for shared-mime-info (2.4-5build3) ...
Setting up glib-networking:amd64 (2.80.1-1build2) ...
Setting up libsoup-3.0-0:amd64 (3.6.6-1ubuntu0.1) ...
Setting up libsnapd-glib-2-1:amd64 (1.72-0ubuntu3) ...
Setting up libpipewire-0.3-modules:amd64 (1.6.2-1ubuntu1.2) ...
Setting up pipewire-bin (1.6.2-1ubuntu1.2) ...
Processing triggers for libc-bin (2.43-2ubuntu2.4) ...
-- The C compiler identification is GNU 15.2.0
-- The CXX compiler identification is GNU 15.2.0
-- Detecting C compiler ABI info
-- Detecting C compiler ABI info - done
-- Check for working C compiler: /usr/bin/cc - skipped
-- Detecting C compile features
-- Detecting C compile features - done
-- Detecting CXX compiler ABI info
-- Detecting CXX compiler ABI info - done
-- Check for working CXX compiler: /usr/bin/c++ - skipped
-- Detecting CXX compile features
-- Detecting CXX compile features - done
-- Performing Test CMAKE_HAVE_LIBC_PTHREAD
-- Performing Test CMAKE_HAVE_LIBC_PTHREAD - Success
-- Found Threads: TRUE
-- Performing Test HAVE_STDATOMIC
-- Performing Test HAVE_STDATOMIC - Success
-- Found WrapAtomic: TRUE
-- Found OpenGL: /usr/lib/x86_64-linux-gnu/libOpenGL.so
-- Found WrapOpenGL: TRUE
-- Found WrapVulkanHeaders: /usr/include
-- Found PkgConfig: /usr/bin/pkg-config (found version "2.5.1")
-- Checking for module 'libpipewire-0.3'
--   Found libpipewire-0.3, version 1.6.2
-- Configuring done (0.9s)
-- Generating done (0.0s)
-- Build files have been written to: /var/tmp/supralinux-kpipewire-baseline/build
[ 25%] Building C object CMakeFiles/private-video-source.dir/video-source.c.o
[ 50%] Building CXX object CMakeFiles/ubuntu-kpipewire-client.dir/main.cpp.o
[ 75%] Linking C executable private-video-source
[ 75%] Built target private-video-source
mp/supralinux-kpipewire-baseline/source/main.cpp:5:
/usr/include/KPipeWire/dmabufhandler.h:13:10: fatal error: epoxy/egl.h: No such file or directory
   13 | #include <epoxy/egl.h>
      |          ^~~~~~~~~~~~~
compilation terminated.
gmake[2]: *** [CMakeFiles/ubuntu-kpipewire-client.dir/build.make:79: CMakeFiles/ubuntu-kpipewire-client.dir/main.cpp.o] Error 1
gmake[1]: *** [CMakeFiles/Makefile2:90: CMakeFiles/ubuntu-kpipewire-client.dir/all] Error 2
gmake[1]: *** Waiting for unfinished jobs....
gmake: *** [Makefile:91: all] Error 2
qemu-system-x86_64: terminating on signal 15 from pid 1637 (/usr/bin/python3)
autopkgtest [21:15:13]: ERROR: testbed failure: testbed setup commands failed with status 2
